album_id,artist_id
al1,a1
al2,a2
al3,a3
al4,a5
al5,a6
al6,a7
al7,a9
al8,a10
al9,a11
al10,a12
al11,a13
al12,a14
al13,a15
al14,a16
al15,a17
al16,a18
al16,a19
al16,a20
al17,a21
al18,a22
al19,a23
al20,a24
al21,a25
al22,a26
al23,a27
al25,a30
al26,a31
al27,a32
al28,a33
al29,a22
al30,a34
al31,a35
al32,a36
al33,a37
al34,a38
al35,a39
al36,a40
al37,a27
al38,a41
al39,a42
al40,a43
al41,a44
al42,a45
al43,a46
al45,a48
al46,a49
al47,a50
al48,a51
al49,a52
al50,a53
al51,a54
al52,a56
al53,a57
al54,a58
al55,a59
al56,a61
al57,a62
al58,a63
al59,a64
al60,a65
al61,a66
al61,a67
al61,a68
al62,a69
al63,a70
al64,a71
al65,a73
al66,a74
al67,a75
al68,a76
al69,a77
al70,a78
al71,a79
al72,a81
al73,a82
al74,a83
al75,a85
al76,a86
al77,a88
al78,a89
al79,a90
al80,a91
al81,a92
al82,a93
al83,a24
al84,a94
al85,a95
al86,a96
al87,a98
al88,a99
al89,a100
al89,a101
al89,a102
al90,a103
al91,a104
al92,a18
al95,a109
al96,a110
al97,a111
al98,a112
al99,a113
al100,a114
al101,a115
al104,a40
al105,a118
al106,a119
al107,a120
al108,a121
al109,a122
al110,a123
al111,a124
al112,a126
al113,a127
al114,a128
al115,a129
al116,a130
al117,a131
al118,a132
al119,a133
al120,a81
al121,a134
al122,a135
al123,a136
al123,a137
al124,a138
al125,a139
al126,a140
al126,a141
al127,a132
al128,a142
al129,a144
al130,a145
al131,a146
al132,a147
al133,a148
al134,a149
al135,a151
al136,a152
al137,a154
al138,a155
al139,a41
al140,a158
al141,a160
al142,a161
al144,a10
al146,a162
al147,a164
al148,a42
al149,a153
al150,a165
al150,a66
al151,a166
al153,a169
al154,a170
al155,a171
al156,a71
al157,a173
al158,a174
al158,a175
al159,a176
al160,a177
al161,a176
al162,a178
al163,a179
al164,a31
al165,a180
al166,a181
al167,a182
al168,a183
al169,a184
al170,a185
al171,a186
al172,a69
al173,a187
al174,a188
al175,a189
al175,a190
al176,a191
al177,a192
al178,a194
al179,a195
al181,a197
al182,a178
al183,a198
al184,a199
al184,a200
al185,a147
al186,a202
al187,a139
al188,a203
al189,a204
al190,a147
al190,a201
al191,a205
al192,a206
al193,a207
al194,a208
al195,a169
al196,a211
al197,a212
al198,a213
al199,a215
al200,a211
al201,a216
al202,a217
al203,a37
al204,a218
al205,a219
al206,a53
al207,a69
al207,a44
al208,a220
al209,a221
al210,a223
al211,a224
al213,a225
al214,a226
al215,a227
al216,a228
al217,a229
al218,a230
al219,a231
al220,a66
al220,a232
al221,a233
al223,a235
al224,a236
al225,a44
al226,a238
al227,a239
al228,a44
al229,a240
al230,a241
al231,a242
al232,a244
al233,a245
al234,a246
al235,a247
al236,a248
al237,a249
al238,a250
al239,a251
al241,a189
al242,a253
al243,a254
al244,a255
al245,a256
al246,a257
al246,a258
al247,a259
al248,a260
al249,a261
al250,a262
al251,a66
al251,a263
al252,a264
al253,a265
al254,a153
al255,a266
al256,a267
al257,a268
al258,a270
al259,a271
al260,a272
al261,a273
al262,a276
al263,a278
al264,a279
al265,a211
al266,a281
al267,a282
al268,a283
al269,a284
al270,a285
al271,a286
al271,a287
al272,a285
al273,a288
al274,a289
al275,a290
al276,a1300
al276,a134
al277,a291
al278,a292
al279,a293
al280,a294
al281,a204
al282,a296
al283,a37
al284,a297
al285,a189
al286,a298
al287,a299
al288,a300
al289,a301
al290,a302
al292,a306
al293,a307
al294,a308
al295,a152
al296,a309
al297,a310
al298,a312
al299,a313
al300,a314
al302,a316
al303,a318
al304,a319
al305,a320
al306,a321
al307,a322
al308,a323
al309,a1425
al310,a266
al311,a327
al312,a219
al313,a328
al314,a329
al315,a330
al316,a331
al317,a332
al318,a333
al319,a171
al320,a335
al321,a264
al322,a183
al323,a237
al324,a239
al325,a336
al326,a337
al327,a339
al328,a340
al329,a341
al330,a169
al331,a342
al332,a343
al333,a344
al334,a44
al335,a276
al337,a346
al339,a349
al341,a351
al342,a37
al343,a204
al344,a352
al345,a353
al346,a354
al347,a355
al348,a356
al349,a357
al350,a359
al350,a360
al350,a361
al350,a362
al351,a363
al352,a364
al353,a278
al354,a365
al355,a366
al356,a367
al357,a153
al359,a370
al360,a147
al361,a371
al362,a372
al363,a61
al364,a373
al365,a182
al366,a374
al367,a375
al368,a376
al369,a377
al371,a379
al372,a380
al373,a381
al374,a250
al375,a383
al376,a384
al377,a385
al378,a273
al379,a387
al380,a388
al381,a389
al382,a390
al383,a391
al384,a10
al385,a392
al386,a393
al387,a236
al388,a394
al389,a395
al390,a396
al390,a2008
al391,a397
al392,a398
al393,a399
al394,a400
al395,a401
al396,a256
al397,a383
al398,a403
al399,a404
al400,a383
al401,a405
al402,a406
al402,a407
al402,a408
al403,a409
al404,a410
al405,a412
al406,a414
al407,a129
al408,a406
al408,a407
al408,a408
al409,a415
al410,a199
al411,a416
al412,a349
al413,a417
al414,a418
al415,a315
al417,a420
al418,a421
al420,a423
al421,a424
al422,a425
al422,a426
al422,a20
al423,a127
al424,a254
al424,a427
al424,a428
al425,a429
al426,a430
al428,a431
al429,a432
al430,a433
al431,a241
al432,a435
al433,a436
al434,a437
al435,a438
al436,a439
al437,a440
al438,a442
al439,a443
al440,a444
al441,a445
al442,a446
al443,a448
al444,a449
al445,a450
al446,a451
al447,a452
al448,a380
al449,a453
al450,a310
al450,a454
al451,a355
al452,a101
al453,a455
al454,a457
al455,a458
al456,a459
al457,a460
al458,a119
al459,a461
al460,a310
al460,a462
al460,a463
al461,a464
al462,a465
al463,a466
al464,a60
al465,a468
al466,a469
al467,a299
al468,a470
al469,a250
al470,a70
al471,a471
al472,a472
al473,a473
al474,a474
al475,a475
al476,a476
al477,a477
al477,a478
al478,a479
al479,a480
al480,a201
al481,a482
al483,a485
al484,a476
al485,a486
al486,a153
al486,a84
al486,a487
al487,a488
al488,a489
al489,a490
al490,a189
al491,a271
al492,a491
al493,a492
al494,a177
al495,a493
al496,a494
al497,a495
al498,a496
al499,a497
al500,a498
al501,a499
al502,a316
al502,a9
al503,a303
al504,a501
al505,a502
al506,a503
al507,a33
al508,a504
al509,a505
al510,a506
al511,a214
al512,a508
al512,a509
al513,a84
al514,a510
al515,a511
al516,a512
al517,a511
al518,a513
al519,a514
al520,a515
al521,a516
al522,a517
al523,a518
al524,a1
al525,a66
al525,a353
al526,a261
al527,a520
al528,a521
al530,a523
al531,a43
al532,a525
al533,a303
al533,a526
al533,a527
al534,a340
al535,a528
al536,a529
al537,a250
al538,a500
al539,a461
al540,a530
al541,a531
al542,a532
al543,a204
al544,a533
al545,a534
al546,a250
al547,a535
al548,a227
al549,a537
al550,a538
al551,a539
al552,a540
al553,a542
al554,a543
al555,a544
al555,a545
al556,a546
al557,a547
al558,a548
al559,a549
al560,a550
al561,a335
al562,a516
al563,a551
al564,a552
al565,a553
al566,a554
al567,a555
al569,a558
al570,a139
al571,a559
al572,a74
al573,a560
al574,a561
al575,a190
al576,a562
al577,a517
al578,a563
al579,a89
al579,a60
al580,a294
al581,a565
al582,a566
al583,a568
al584,a87
al585,a569
al586,a570
al587,a571
al588,a572
al589,a101
al589,a573
al590,a574
al591,a37
al592,a575
al593,a576
al594,a479
al595,a577
al595,a578
al596,a579
al597,a37
al598,a256
al599,a580
al601,a582
al602,a202
al603,a563
al604,a336
al605,a538
al606,a583
al607,a584
al607,a585
al608,a36
al609,a586
al610,a461
al611,a84
al612,a588
al613,a415
al614,a589
al615,a590
al616,a591
al616,a592
al616,a421
al617,a595
al618,a596
al619,a597
al620,a598
al621,a253
al622,a599
al623,a43
al624,a600
al625,a129
al626,a601
al627,a602
al628,a603
al629,a169
al631,a605
al632,a606
al632,a303
al633,a607
al634,a58
al635,a608
al635,a609
al636,a610
al637,a611
al637,a612
al638,a613
al639,a614
al640,a615
al641,a617
al642,a618
al642,a619
al643,a621
al645,a622
al646,a623
al647,a624
al648,a625
al649,a626
al650,a412
al651,a627
al653,a628
al654,a630
al655,a139
al656,a631
al657,a632
al658,a633
al659,a634
al660,a101
al660,a635
al661,a582
al662,a189
al663,a636
al664,a190
al664,a637
al665,a638
al666,a639
al668,a303
al669,a642
al669,a643
al670,a303
al671,a645
al672,a189
al673,a155
al674,a647
al675,a636
al676,a416
al677,a648
al678,a649
al679,a650
al680,a651
al680,a652
al681,a104
al682,a584
al683,a654
al684,a405
al685,a655
al686,a656
al687,a657
al688,a659
al689,a530
al690,a660
al691,a609
al691,a661
al692,a98
al693,a662
al694,a663
al695,a664
al696,a665
al697,a666
al698,a667
al698,a668
al699,a669
al700,a670
al701,a214
al701,a671
al702,a672
al703,a542
al704,a183
al705,a675
al706,a676
al707,a677
al708,a517
al709,a60
al710,a678
al711,a340
al712,a679
al713,a462
al714,a40
al715,a85
al716,a421
al717,a680
al719,a682
al720,a152
al721,a683
al722,a684
al723,a685
al724,a104
al725,a687
al726,a688
al727,a666
al728,a689
al729,a690
al730,a691
al731,a692
al732,a693
al733,a694
al734,a696
al735,a697
al736,a698
al737,a74
al738,a699
al739,a103
al740,a700
al741,a701
al742,a702
al743,a703
al744,a704
al745,a705
al745,a37
al746,a1436
al746,a706
al747,a610
al747,a567
al748,a419
al750,a708
al751,a182
al752,a709
al753,a343
al754,a710
al755,a711
al755,a712
al756,a487
al756,a713
al757,a285
al758,a714
al759,a715
al760,a716
al761,a717
al762,a432
al763,a198
al763,a405
al764,a718
al765,a139
al766,a719
al767,a720
al768,a721
al769,a697
al770,a722
al771,a723
al772,a724
al773,a215
al774,a725
al776,a727
al777,a728
al778,a693
al779,a729
al780,a731
al781,a732
al782,a733
al783,a2
al784,a145
al785,a734
al786,a735
al787,a282
al788,a736
al789,a737
al790,a738
al791,a739
al792,a153
al793,a740
al794,a421
al795,a741
al796,a742
al797,a743
al797,a744
al798,a210
al799,a747
al801,a749
al802,a150
al803,a750
al804,a276
al805,a751
al806,a380
al807,a641
al808,a752
al809,a753
al810,a74
al811,a754
al812,a609
al813,a755
al814,a756
al815,a757
al816,a759
al817,a760
al818,a762
al819,a763
al820,a764
al821,a766
al822,a767
al823,a406
al823,a407
al823,a408
al824,a768
al825,a769
al826,a169
al827,a450
al828,a770
al829,a771
al830,a772
al831,a773
al832,a774
al833,a775
al834,a776
al835,a777
al836,a778
al837,a779
al838,a780
al839,a250
al840,a781
al841,a783
al842,a771
al843,a785
al844,a2
al845,a786
al846,a787
al847,a788
al848,a789
al849,a790
al850,a139
al851,a40
al852,a85
al853,a791
al854,a792
al855,a793
al856,a794
al856,a795
al857,a500
al858,a555
al859,a354
al860,a797
al861,a256
al862,a609
al863,a798
al864,a759
al865,a800
al866,a183
al867,a470
al868,a801
al869,a229
al870,a802
al872,a211
al873,a647
al873,a803
al875,a37
al876,a806
al877,a807
al878,a808
al879,a284
al880,a113
al881,a303
al882,a463
al882,a67
al883,a276
al884,a809
al885,a810
al886,a30
al887,a68
al888,a812
al889,a797
al890,a40
al891,a782
al892,a813
al893,a647
al894,a153
al895,a814
al896,a815
al897,a816
al898,a818
al899,a819
al900,a821
al901,a21
al902,a822
al903,a823
al904,a824
al905,a403
al906,a183
al907,a825
al907,a87
al908,a368
al909,a163
al910,a828
al911,a637
al912,a830
al913,a831
al914,a628
al915,a832
al916,a833
al917,a309
al918,a834
al919,a835
al920,a836
al921,a603
al922,a837
al922,a838
al923,a839
al923,a608
al923,a840
al924,a383
al925,a461
al926,a841
al927,a790
al927,a743
al929,a845
al930,a735
al930,a846
al931,a847
al932,a678
al933,a848
al934,a752
al935,a850
al936,a760
al937,a851
al939,a852
al939,a200
al940,a853
al942,a461
al943,a109
al944,a856
al945,a857
al946,a858
al946,a149
al947,a860
al948,a861
al949,a862
al950,a226
al951,a611
al951,a863
al951,a612
al952,a759
al953,a181
al954,a831
al955,a864
al956,a865
al957,a165
al958,a867
al959,a738
al960,a868
al961,a869
al962,a615
al963,a53
al964,a871
al965,a872
al965,a873
al965,a874
al966,a694
al967,a413
al968,a875
al969,a876
al970,a877
al971,a878
al972,a189
al972,a276
al972,a879
al973,a880
al974,a881
al975,a882
al976,a850
al977,a883
al978,a31
al979,a771
al980,a884
al981,a885
al982,a725
al983,a44
al984,a886
al985,a443
al986,a887
al987,a889
al988,a890
al989,a893
al990,a648
al991,a464
al992,a530
al993,a894
al993,a895
al993,a1943
al994,a896
al995,a897
al996,a60
al997,a898
al998,a899
al999,a479
al1000,a900
al1001,a901
al1002,a902
al1003,a903
al1004,a904
al1005,a43
al1006,a299
al1007,a716
al1008,a727
al1009,a905
al1010,a906
al1012,a908
al1013,a909
al1014,a910
al1015,a145
al1016,a303
al1016,a863
al1016,a184
al1017,a582
al1018,a676
al1019,a153
al1020,a911
al1021,a912
al1022,a343
al1023,a479
al1024,a913
al1025,a914
al1026,a916
al1027,a917
al1028,a570
al1029,a183
al1030,a918
al1031,a919
al1032,a278
al1033,a920
al1034,a461
al1035,a850
al1036,a921
al1037,a922
al1038,a13
al1039,a74
al1040,a923
al1041,a110
al1042,a429
al1043,a924
al1044,a777
al1045,a813
al1046,a488
al1047,a925
al1048,a926
al1049,a927
al1050,a75
al1051,a654
al1052,a64
al1053,a928
al1054,a85
al1055,a929
al1056,a930
al1057,a931
al1058,a933
al1059,a934
al1060,a253
al1061,a419
al1062,a149
al1064,a936
al1065,a937
al1066,a938
al1067,a494
al1068,a60
al1069,a939
al1070,a940
al1070,a941
al1070,a942
al1071,a943
al1072,a944
al1073,a945
al1074,a183
al1075,a285
al1076,a636
al1077,a867
al1078,a281
al1079,a10
al1080,a879
al1082,a613
al1083,a948
al1084,a757
al1085,a949
al1086,a834
al1087,a951
al1088,a952
al1089,a953
al1090,a954
al1091,a955
al1092,a45
al1094,a957
al1095,a169
al1095,a401
al1096,a396
al1097,a903
al1098,a336
al1099,a958
al1101,a960
al1102,a147
al1103,a961
al1104,a962
al1105,a963
al1106,a199
al1107,a964
al1108,a965
al1109,a966
al1110,a204
al1111,a967
al1112,a949
al1113,a968
al1114,a328
al1115,a296
al1116,a129
al1117,a969
al1118,a971
al1118,a972
al1118,a973
al1119,a974
al1120,a975
al1120,a976
al1121,a685
al1122,a977
al1123,a978
al1124,a979
al1125,a981
al1126,a982
al1127,a44
al1128,a984
al1129,a610
al1130,a145
al1131,a985
al1132,a294
al1133,a986
al1134,a987
al1135,a650
al1136,a988
al1137,a989
al1138,a991
al1139,a755
al1140,a992
al1141,a993
al1142,a337
al1142,a994
al1143,a995
al1144,a996
al1145,a85
al1146,a51
al1147,a997
al1148,a998
al1148,a166
al1149,a738
al1150,a999
al1151,a647
al1151,a1000
al1151,a1001
al1152,a1002
al1153,a1003
al1154,a822
al1155,a1004
al1156,a1005
al1156,a573
al1157,a1006
al1158,a1007
al1159,a132
al1160,a1008
al1161,a790
al1162,a1009
al1163,a1010
al1164,a1011
al1165,a40
al1166,a842
al1167,a1012
al1168,a720
al1169,a183
al1170,a264
al1171,a171
al1173,a752
al1175,a879
al1176,a446
al1177,a1016
al1178,a60
al1179,a1017
al1180,a1018
al1181,a1019
al1182,a410
al1182,a402
al1183,a938
al1184,a53
al1185,a482
al1186,a1021
al1187,a421
al1188,a876
al1190,a1022
al1191,a1024
al1192,a1028
al1193,a1029
al1194,a666
al1195,a664
al1196,a1030
al1197,a1031
al1198,a1032
al1200,a1033
al1202,a1035
al1203,a1037
al1204,a1038
al1206,a38
al1207,a899
al1208,a302
al1209,a410
al1210,a335
al1211,a1041
al1212,a1042
al1213,a1043
al1214,a1044
al1215,a64
al1216,a1047
al1217,a176
al1218,a1048
al1219,a1012
al1220,a1049
al1222,a563
al1223,a1051
al1224,a38
al1225,a1052
al1226,a200
al1227,a753
al1228,a147
al1229,a149
al1230,a356
al1231,a85
al1232,a1054
al1233,a1002
al1234,a31
al1235,a1055
al1236,a139
al1237,a1056
al1238,a771
al1239,a1057
al1240,a1058
al1241,a149
al1242,a1059
al1243,a139
al1244,a303
al1245,a1061
al1246,a1062
al1247,a1063
al1248,a1064
al1249,a1066
al1250,a1067
al1251,a850
al1252,a1068
al1253,a582
al1254,a1069
al1255,a232
al1256,a85
al1259,a169
al1260,a1071
al1261,a1072
al1262,a1073
al1263,a189
al1264,a502
al1265,a294
al1266,a1076
al1268,a1078
al1269,a1079
al1270,a1080
al1271,a1081
al1272,a494
al1273,a1082
al1274,a1083
al1275,a1084
al1276,a1085
al1277,a1086
al1278,a927
al1279,a74
al1280,a1087
al1281,a582
al1282,a1088
al1283,a7
al1283,a40
al1284,a190
al1285,a1089
al1286,a1090
al1287,a161
al1288,a1091
al1289,a107
al1290,a1092
al1291,a1093
al1292,a388
al1293,a48
al1295,a1094
al1296,a147
al1297,a1095
al1298,a682
al1299,a1096
al1300,a697
al1301,a36
al1302,a1097
al1303,a606
al1304,a1098
al1305,a231
al1306,a190
al1307,a539
al1309,a879
al1310,a774
al1311,a1099
al1312,a355
al1313,a1100
al1314,a1101
al1315,a1102
al1316,a887
al1316,a346
al1316,a1103
al1317,a299
al1318,a282
al1319,a266
al1321,a1108
al1322,a1109
al1323,a402
al1324,a1110
al1325,a87
al1326,a132
al1328,a1112
al1329,a539
al1330,a1113
al1331,a1114
al1332,a1115
al1333,a1004
al1334,a250
al1335,a224
al1336,a1116
al1337,a1117
al1338,a719
al1339,a1118
al1340,a893
al1341,a1119
al1342,a503
al1343,a97
al1344,a264
al1345,a1120
al1346,a1121
al1348,a1123
al1348,a1124
al1349,a1125
al1350,a1127
al1351,a689
al1352,a1129
al1353,a85
al1354,a1130
al1355,a1131
al1356,a725
al1357,a1132
al1358,a1134
al1359,a815
al1360,a487
al1361,a1135
al1362,a185
al1363,a210
al1364,a1136
al1365,a1137
al1366,a880
al1367,a1138
al1368,a1141
al1369,a37
al1369,a199
al1370,a995
al1371,a281
al1372,a1142
al1373,a470
al1374,a700
al1375,a700
al1376,a1143
al1377,a1006
al1378,a1144
al1379,a1145
al1380,a22
al1381,a1146
al1382,a65
al1383,a432
al1384,a312
al1385,a1147
al1386,a690
al1387,a335
al1388,a1064
al1389,a1148
al1390,a1149
al1391,a620
al1392,a1097
al1393,a1150
al1394,a609
al1395,a1152
al1396,a534
al1397,a1006
al1398,a430
al1399,a709
al1400,a101
al1401,a1153
al1402,a1009
al1403,a657
al1404,a599
al1405,a130
al1406,a1154
al1407,a261
al1408,a7
al1409,a1155
al1410,a1156
al1411,a1157
al1412,a1028
al1412,a201
al1413,a1158
al1414,a650
al1415,a270
al1416,a1159
al1417,a1160
al1418,a1161
al1419,a1162
al1420,a1020
al1421,a1086
al1422,a231
al1423,a1163
al1424,a1164
al1425,a1165
al1426,a1166
al1427,a1009
al1428,a1167
al1429,a386
al1430,a1168
al1431,a833
al1432,a335
al1433,a1169
al1434,a1170
al1436,a981
al1437,a40
al1438,a1171
al1439,a1096
al1440,a211
al1441,a1173
al1442,a517
al1443,a1174
al1444,a911
al1445,a995
al1446,a606
al1446,a1175
al1446,a237
al1447,a1177
al1448,a85
al1449,a1179
al1450,a1180
al1451,a177
al1452,a1181
al1453,a1182
al1454,a1183
al1455,a183
al1456,a354
al1457,a1184
al1458,a1186
al1459,a1187
al1460,a104
al1461,a84
al1462,a1188
al1463,a996
al1464,a1169
al1465,a84
al1466,a1192
al1466,a1193
al1467,a1194
al1468,a1195
al1469,a1196
al1470,a144
al1471,a371
al1472,a1197
al1473,a38
al1474,a1198
al1475,a1199
al1476,a1200
al1477,a181
al1478,a538
al1479,a1201
al1480,a602
al1481,a732
al1482,a697
al1484,a1202
al1485,a1203
al1486,a1204
al1487,a1205
al1488,a517
al1489,a1206
al1490,a1207
al1491,a933
al1492,a1208
al1493,a1209
al1494,a1210
al1495,a482
al1496,a1365
al1496,a12
al1497,a1095
al1498,a1211
al1499,a1212
al1500,a1213
al1501,a368
al1502,a1214
al1503,a1216
al1504,a351
al1505,a206
al1506,a1217
al1507,a948
al1507,a1218
al1508,a755
al1509,a1219
al1510,a202
al1511,a1220
al1512,a1223
al1513,a1224
al1514,a1225
al1515,a1226
al1516,a1227
al1517,a1228
al1518,a893
al1519,a1229
al1520,a402
al1521,a140
al1521,a1230
al1521,a507
al1522,a654
al1525,a140
al1525,a116
al1526,a815
al1527,a1233
al1528,a12
al1529,a1234
al1530,a42
al1531,a103
al1532,a615
al1533,a302
al1533,a1235
al1534,a571
al1535,a1236
al1536,a1237
al1537,a1238
al1538,a991
al1539,a1095
al1540,a166
al1541,a740
al1542,a1239
al1543,a1240
al1544,a880
al1545,a357
al1546,a1243
al1547,a610
al1548,a198
al1549,a1244
al1549,a1245
al1550,a85
al1551,a152
al1552,a1247
al1553,a1248
al1554,a1249
al1555,a1250
al1556,a606
al1557,a482
al1558,a1251
al1559,a1252
al1560,a1253
al1561,a956
al1562,a582
al1563,a385
al1565,a1004
al1566,a2
al1567,a1256
al1568,a1257
al1569,a1178
al1570,a790
al1571,a1258
al1572,a923
al1573,a1095
al1574,a98
al1576,a562
al1577,a939
al1578,a1261
al1579,a1262
al1580,a1263
al1581,a312
al1582,a231
al1583,a402
al1584,a825
al1585,a1264
al1586,a1265
al1587,a439
al1588,a1101
al1589,a283
al1590,a1266
al1591,a1267
al1592,a1268
al1593,a1205
al1594,a404
al1594,a1269
al1595,a1270
al1596,a1271
al1597,a1272
al1598,a271
al1599,a438
al1600,a1273
al1601,a88
al1602,a1274
al1603,a150
al1604,a800
al1605,a1275
al1606,a755
al1607,a250
al1608,a1277
al1609,a602
al1610,a1278
al1611,a1279
al1612,a1229
al1613,a1280
al1614,a68
al1615,a1281
al1616,a1282
al1617,a1283
al1617,a1284
al1618,a720
al1619,a1285
al1620,a404
al1621,a1286
al1622,a1239
al1623,a276
al1625,a666
al1626,a1287
al1627,a720
al1628,a1288
al1629,a694
al1630,a1289
al1631,a1290
al1632,a1291
al1633,a1292
al1634,a1293
al1635,a152
al1636,a1294
al1637,a1295
al1638,a1296
al1639,a261
al1640,a1004
al1641,a767
al1642,a1297
al1643,a189
al1644,a446
al1645,a1298
al1646,a887
al1646,a346
al1646,a1103
al1647,a1299
al1648,a1300
al1649,a1301
al1650,a406
al1650,a407
al1650,a408
al1652,a1303
al1653,a353
al1653,a1304
al1653,a1305
al1654,a1306
al1655,a87
al1656,a247
al1657,a1004
al1657,a353
al1658,a1310
al1659,a1311
al1660,a657
al1661,a1312
al1662,a1313
al1663,a1314
al1664,a1315
al1665,a1316
al1666,a549
al1667,a461
al1668,a261
al1669,a1317
al1670,a901
al1671,a261
al1672,a1318
al1673,a1319
al1674,a1320
al1675,a1321
al1676,a1322
al1677,a1323
al1678,a1324
al1679,a1326
al1680,a1327
al1681,a1328
al1682,a421
al1683,a1329
al1684,a1160
al1685,a801
al1686,a1330
al1687,a808
al1688,a467
al1689,a1331
al1690,a803
al1690,a1332
al1691,a278
al1692,a1333
al1693,a377
al1694,a922
al1695,a271
al1696,a310
al1696,a628
al1697,a141
al1698,a1334
al1699,a1335
al1700,a1336
al1701,a807
al1702,a1337
al1703,a1338
al1704,a100
al1705,a1339
al1707,a1220
al1708,a1341
al1709,a132
al1710,a355
al1712,a533
al1713,a677
al1714,a1342
al1715,a956
al1716,a1037
al1717,a831
al1718,a1344
al1719,a1345
al1720,a1346
al1721,a1086
al1722,a37
al1723,a1347
al1724,a1348
al1725,a1349
al1726,a1350
al1727,a1351
al1728,a1352
al1729,a553
al1730,a1082
al1731,a462
al1732,a599
al1733,a620
al1734,a1356
al1736,a1358
al1737,a12
al1738,a1359
al1739,a755
al1740,a1360
al1741,a84
al1742,a171
al1743,a1363
al1744,a1364
al1745,a1365
al1746,a1366
al1747,a606
al1748,a152
al1749,a1367
al1750,a1368
al1751,a955
al1752,a410
al1754,a1369
al1755,a814
al1756,a1370
al1757,a1371
al1758,a377
al1759,a153
al1760,a1373
al1761,a136
al1762,a759
al1763,a666
al1765,a139
al1766,a316
al1766,a1096
al1767,a3
al1768,a1376
al1769,a1378
al1770,a520
al1770,a1379
al1772,a1381
al1773,a88
al1774,a116
al1776,a1039
al1777,a1383
al1778,a1384
al1779,a1385
al1780,a292
al1781,a1383
al1782,a432
al1783,a487
al1784,a1386
al1785,a1387
al1786,a1388
al1787,a1389
al1788,a1390
al1789,a1391
al1790,a333
al1791,a416
al1792,a1393
al1793,a693
al1794,a1073
al1795,a303
al1796,a1395
al1797,a452
al1798,a189
al1799,a628
al1800,a470
al1801,a1396
al1802,a1397
al1803,a1398
al1804,a516
al1805,a303
al1805,a198
al1805,a644
al1806,a1219
al1807,a1399
al1808,a1400
al1809,a1401
al1810,a694
al1811,a848
al1812,a1322
al1813,a529
al1814,a312
al1815,a1402
al1816,a1403
al1817,a1404
al1818,a1405
al1819,a1406
al1820,a285
al1821,a247
al1822,a637
al1823,a1220
al1824,a464
al1825,a1407
al1826,a30
al1829,a1410
al1830,a230
al1831,a778
al1832,a1412
al1833,a1405
al1834,a517
al1835,a221
al1836,a546
al1837,a45
al1838,a1413
al1839,a377
al1840,a1414
al1841,a988
al1842,a1415
al1843,a1416
al1844,a1417
al1845,a986
al1846,a383
al1847,a383
al1848,a1418
al1849,a724
al1851,a1420
al1852,a677
al1853,a1421
al1854,a623
al1855,a1422
al1856,a1423
al1857,a40
al1857,a1424
al1857,a956
al1858,a785
al1859,a68
al1860,a1348
al1861,a1427
al1864,a785
al1865,a1431
al1866,a1432
al1867,a1433
al1868,a1434
al1869,a1436
al1870,a1437
al1871,a1438
al1872,a794
al1873,a926
al1874,a635
al1875,a606
al1876,a2156
al1877,a1439
al1878,a1440
al1879,a991
al1880,a88
al1881,a1443
al1881,a1444
al1882,a1445
al1883,a1446
al1884,a1447
al1885,a410
al1886,a1280
al1887,a654
al1888,a732
al1889,a1404
al1890,a1448
al1891,a303
al1892,a1449
al1894,a1450
al1895,a1451
al1896,a169
al1896,a1452
al1897,a953
al1898,a384
al1899,a1453
al1900,a373
al1901,a433
al1901,a434
al1902,a153
al1903,a1454
al1905,a1457
al1906,a335
al1907,a999
al1908,a1458
al1909,a24
al1910,a1459
al1911,a1460
al1912,a282
al1913,a893
al1914,a189
al1915,a38
al1916,a1049
al1917,a400
al1919,a986
al1920,a149
al1921,a1363
al1922,a1462
al1923,a1463
al1924,a1464
al1925,a1465
al1927,a778
al1928,a1466
al1929,a1177
al1930,a1467
al1931,a349
al1932,a1468
al1933,a153
al1934,a1469
al1935,a1470
al1936,a875
al1937,a1471
al1938,a641
al1939,a1472
al1940,a1453
al1941,a340
al1942,a1474
al1943,a398
al1944,a790
al1945,a1475
al1946,a140
al1946,a1230
al1946,a507
al1947,a1476
al1948,a1477
al1949,a1478
al1950,a1479
al1951,a1391
al1952,a9
al1953,a879
al1954,a1481
al1955,a169
al1956,a1405
al1957,a60
al1958,a881
al1959,a54
al1960,a1483
al1961,a1484
al1961,a1485
al1962,a88
al1963,a1487
al1964,a316
al1964,a1141
al1965,a1488
al1966,a1323
al1967,a487
al1967,a1489
al1968,a169
al1968,a697
al1969,a1490
al1970,a40
al1970,a147
al1971,a1491
al1972,a1492
al1973,a480
al1974,a60
al1975,a1493
al1976,a945
al1977,a1494
al1978,a176
al1979,a1115
al1981,a43
al1982,a1496
al1982,a1497
al1983,a138
al1984,a620
al1987,a1498
al1987,a1499
al1988,a699
al1989,a1366
al1991,a1501
al1992,a147
al1993,a563
al1994,a833
al1995,a1502
al1996,a957
al1997,a594
al1998,a1503
al1999,a719
al2000,a1432
al2001,a1018
al2002,a1505
al2003,a1506
al2005,a85
al2006,a1508
al2007,a785
al2009,a1511
al2010,a44
al2011,a1512
al2012,a956
al2013,a1513
al2014,a956
al2016,a655
al2017,a1515
al2018,a676
al2019,a813
al2020,a1516
al2021,a1517
al2022,a1518
al2023,a434
al2024,a340
al2025,a356
al2026,a850
al2027,a171
al2028,a963
al2029,a948
al2029,a232
al2030,a60
al2031,a201
al2032,a1520
al2034,a1522
al2035,a1523
al2036,a565
al2037,a104
al2038,a1524
al2039,a1525
al2040,a1526
al2041,a59
al2043,a1529
al2044,a303
al2045,a1487
al2046,a753
al2047,a1530
al2048,a377
al2049,a1531
al2050,a1532
al2051,a316
al2051,a790
al2051,a1533
al2052,a1534
al2053,a1535
al2054,a1314
al2054,a818
al2055,a1137
al2056,a271
al2057,a1536
al2058,a1537
al2058,a1538
al2059,a71
al2060,a1539
al2061,a563
al2062,a311
al2064,a149
al2065,a487
al2066,a1541
al2067,a169
al2068,a438
al2069,a812
al2070,a703
al2071,a1542
al2072,a92
al2073,a1543
al2074,a1544
al2075,a1545
al2076,a1547
al2077,a1548
al2078,a1549
al2079,a211
al2080,a1550
al2081,a1551
al2082,a1552
al2083,a1553
al2084,a1554
al2085,a1243
al2086,a1555
al2087,a377
al2088,a1556
al2089,a316
al2089,a421
al2090,a1557
al2091,a1559
al2092,a1501
al2093,a641
al2094,a1560
al2095,a1561
al2096,a1562
al2097,a427
al2098,a1563
al2099,a69
al2100,a1098
al2101,a780
al2102,a1104
al2104,a1096
al2105,a1568
al2106,a1569
al2107,a284
al2108,a1570
al2109,a276
al2110,a1522
al2111,a678
al2112,a1571
al2113,a1572
al2114,a298
al2115,a1573
al2116,a44
al2117,a372
al2118,a1574
al2119,a1575
al2120,a1394
al2120,a59
al2121,a1247
al2122,a647
al2122,a303
al2123,a303
al2123,a606
al2124,a150
al2125,a1576
al2126,a771
al2127,a226
al2128,a1577
al2129,a356
al2130,a355
al2131,a620
al2132,a1579
al2133,a494
al2134,a1580
al2135,a189
al2136,a363
al2137,a1582
al2138,a211
al2139,a696
al2140,a150
al2141,a129
al2142,a1583
al2143,a1584
al2145,a1238
al2146,a1586
al2147,a238
al2148,a1587
al2149,a492
al2151,a298
al2151,a1478
al2152,a1590
al2153,a139
al2154,a1591
al2155,a109
al2156,a1204
al2157,a1594
al2158,a189
al2159,a1273
al2160,a1595
al2161,a1596
al2162,a1252
al2163,a1597
al2164,a1598
al2165,a1599
al2165,a1600
al2166,a171
al2167,a1601
al2168,a1602
al2169,a211
al2170,a1603
al2170,a1604
al2171,a406
al2171,a407
al2171,a408
al2173,a44
al2173,a1606
al2174,a74
al2176,a1608
al2177,a1074
al2178,a666
al2179,a1474
al2180,a312
al2181,a185
al2182,a1609
al2183,a210
al2184,a99
al2185,a1610
al2186,a861
al2187,a1612
al2188,a1613
al2189,a1614
al2191,a1616
al2192,a1185
al2193,a1617
al2194,a1618
al2194,a1619
al2195,a1576
al2196,a411
al2197,a104
al2198,a414
al2199,a250
al2200,a239
al2201,a731
al2202,a513
al2203,a145
al2204,a1620
al2205,a1621
al2206,a1622
al2208,a1624
al2209,a689
al2209,a129
al2210,a1626
al2211,a1627
al2212,a1628
al2213,a158
al2214,a830
al2215,a727
al2216,a1629
al2217,a145
al2219,a1631
al2220,a1327
al2221,a1052
al2222,a695
al2223,a1267
al2224,a1632
al2225,a1634
al2226,a1635
al2227,a432
al2228,a22
al2229,a1636
al2230,a250
al2231,a318
al2232,a1637
al2233,a1638
al2234,a636
al2235,a1317
al2236,a1639
al2237,a1640
al2238,a1641
al2239,a1642
al2240,a41
al2241,a1643
al2242,a1644
al2244,a152
al2245,a44
al2246,a964
al2247,a1647
al2248,a1365
al2248,a12
al2250,a1300
al2251,a1648
al2252,a145
al2253,a1649
al2254,a53
al2255,a1439
al2256,a1652
al2257,a189
al2258,a1653
al2259,a1654
al2260,a1655
al2261,a742
al2262,a785
al2263,a40
al2264,a1659
al2265,a719
al2266,a1057
al2267,a926
al2268,a1098
al2269,a1662
al2270,a1
al2271,a402
al2272,a1663
al2273,a926
al2274,a231
al2275,a1664
al2276,a1141
al2277,a1665
al2278,a1666
al2280,a1668
al2281,a250
al2282,a388
al2283,a1670
al2284,a1238
al2285,a1671
al2286,a429
al2287,a1672
al2288,a368
al2289,a575
al2290,a727
al2291,a584
al2291,a755
al2292,a547
al2293,a1675
al2294,a830
al2295,a12
al2296,a1678
al2297,a69
al2298,a1680
al2299,a1681
al2300,a9
al2300,a303
al2300,a67
al2301,a145
al2302,a1683
al2302,a1684
al2304,a136
al2305,a202
al2306,a1688
al2308,a418
al2309,a785
al2310,a1331
al2311,a1689
al2312,a87
al2313,a1690
al2316,a1297
al2317,a1693
al2319,a563
al2320,a1576
al2321,a147
al2322,a926
al2323,a788
al2324,a171
al2325,a1694
al2326,a620
al2327,a1695
al2328,a99
al2329,a1696
al2330,a1141
al2331,a1697
al2332,a89
al2333,a1698
al2334,a198
al2334,a582
al2334,a1700
al2335,a101
al2335,a1145
al2337,a675
al2338,a676
al2339,a1701
al2340,a1702
al2341,a633
al2342,a580
al2343,a1703
al2344,a1704
al2345,a1705
al2346,a113
al2347,a1707
al2347,a1708
al2348,a1709
al2349,a81
al2350,a1710
al2351,a370
al2353,a581
al2354,a944
al2355,a1711
al2356,a850
al2357,a1712
al2357,a276
al2358,a150
al2359,a1713
al2360,a1714
al2361,a1716
al2361,a1717
al2361,a1718
al2362,a1202
al2363,a517
al2364,a87
al2365,a1719
al2366,a129
al2367,a482
al2368,a1166
al2369,a1720
al2370,a1721
al2371,a1722
al2371,a1095
al2372,a1723
al2373,a1724
al2374,a1002
al2374,a609
al2374,a9
al2375,a1725
al2376,a1726
al2377,a44
al2380,a778
al2381,a1729
al2382,a1730
al2383,a638
al2384,a44
al2385,a1731
al2386,a285
al2387,a82
al2388,a1732
al2389,a183
al2390,a165
al2391,a677
al2392,a1733
al2393,a1439
al2394,a488
al2395,a1734
al2396,a771
al2398,a1096
al2399,a1495
al2400,a1735
al2401,a1736
al2402,a145
al2403,a1692
al2404,a189
al2405,a1737
al2405,a1738
al2406,a1739
al2407,a648
al2408,a318
al2409,a1741
al2410,a1742
al2411,a518
al2411,a1066
al2412,a1743
al2413,a1609
al2414,a1744
al2415,a1734
al2416,a1745
al2418,a697
al2419,a51
al2420,a1747
al2421,a987
al2423,a1749
al2424,a211
al2425,a278
al2426,a467
al2427,a1430
al2428,a6
al2429,a310
al2429,a943
al2430,a1750
al2430,a1751
al2431,a153
al2432,a176
al2433,a273
al2433,a534
al2433,a346
al2434,a1753
al2434,a695
al2435,a1754
al2436,a610
al2437,a1755
al2438,a189
al2439,a1756
al2440,a1757
al2441,a514
al2442,a327
al2443,a74
al2444,a995
al2445,a1758
al2446,a767
al2447,a140
al2448,a961
al2449,a1760
al2450,a1761
al2451,a995
al2452,a1762
al2453,a1095
al2454,a609
al2455,a30
al2457,a42
al2458,a458
al2459,a570
al2460,a1765
al2461,a1766
al2462,a518
al2463,a461
al2466,a697
al2467,a1769
al2468,a1449
al2469,a1770
al2470,a1330
al2471,a1771
al2472,a699
al2473,a948
al2474,a189
al2475,a1039
al2476,a1006
al2477,a3175
al2478,a898
al2479,a1096
al2481,a183
al2482,a1773
al2483,a1093
al2484,a1104
al2485,a1251
al2487,a702
al2488,a1775
al2489,a139
al2490,a1776
al2491,a368
al2492,a183
al2493,a1777
al2494,a1587
al2494,a1700
al2495,a1323
al2496,a1251
al2497,a211
al2498,a1778
al2498,a1779
al2499,a520
al2499,a644
al2501,a1096
al2502,a1781
al2503,a719
al2504,a1782
al2504,a1783
al2504,a1784
al2505,a165
al2505,a1096
al2505,a997
al2506,a1303
al2507,a1785
al2508,a58
al2509,a1786
al2510,a44
al2511,a1787
al2512,a953
al2513,a595
al2514,a185
al2515,a1788
al2516,a1160
al2517,a703
al2518,a1789
al2519,a1790
al2520,a206
al2521,a405
al2522,a1791
al2523,a1792
al2524,a1238
al2525,a12
al2526,a1793
al2527,a169
al2528,a812
al2529,a1172
al2530,a1794
al2531,a1795
al2532,a122
al2533,a1007
al2534,a226
al2535,a1798
al2536,a1585
al2537,a60
al2538,a380
al2539,a335
al2540,a654
al2541,a180
al2542,a1799
al2542,a1800
al2543,a1801
al2544,a610
al2546,a1405
al2547,a785
al2548,a270
al2549,a701
al2551,a1804
al2552,a1737
al2552,a1738
al2553,a693
al2554,a1805
al2555,a1806
al2556,a1807
al2557,a948
al2557,a303
al2558,a212
al2559,a1810
al2560,a139
al2561,a1811
al2563,a1813
al2564,a1141
al2565,a1814
al2565,a1815
al2566,a1816
al2567,a1526
al2568,a1478
al2568,a703
al2569,a1817
al2570,a794
al2571,a1818
al2572,a81
al2572,a1096
al2573,a517
al2574,a310
al2574,a703
al2575,a84
al2576,a1819
al2577,a1345
al2578,a1820
al2579,a1821
al2580,a697
al2581,a74
al2582,a1175
al2582,a1823
al2583,a1825
al2585,a592
al2585,a995
al2586,a1826
al2587,a1827
al2588,a149
al2589,a97
al2591,a251
al2593,a698
al2594,a1832
al2595,a565
al2596,a310
al2596,a1833
al2596,a1834
al2597,a495
al2598,a113
al2599,a1835
al2600,a1836
al2601,a1770
al2602,a1837
al2603,a1838
al2604,a1839
al2605,a1840
al2606,a600
al2607,a1841
al2608,a1843
al2609,a1697
al2610,a768
al2611,a241
al2612,a657
al2613,a208
al2614,a887
al2614,a346
al2614,a1103
al2615,a1846
al2616,a1847
al2617,a1058
al2618,a1848
al2619,a1422
al2619,a1849
al2621,a504
al2622,a1002
al2623,a214
al2623,a507
al2623,a140
al2624,a343
al2625,a1852
al2626,a1854
al2627,a1855
al2628,a68
al2629,a761
al2630,a44
al2631,a1318
al2632,a1856
al2633,a1153
al2634,a2
al2635,a241
al2636,a1857
al2637,a371
al2638,a1858
al2639,a1859
al2640,a989
al2641,a1860
al2642,a735
al2643,a60
al2643,a620
al2644,a240
al2645,a165
al2646,a1039
al2647,a1175
al2648,a1861
al2649,a1862
al2650,a1005
al2650,a629
al2651,a1863
al2652,a790
al2653,a1864
al2654,a285
al2655,a1866
al2656,a625
al2657,a1868
al2657,a368
al2658,a1220
al2659,a75
al2660,a1869
al2661,a1778
al2661,a1779
al2662,a887
al2663,a40
al2664,a145
al2665,a1872
al2666,a268
al2668,a921
al2669,a1877
al2670,a1878
al2671,a1879
al2672,a1880
al2673,a261
al2674,a198
al2674,a582
al2675,a1881
al2676,a310
al2676,a1882
al2677,a1117
al2678,a1883
al2679,a1199
al2680,a396
al2680,a2008
al2681,a571
al2682,a340
al2683,a1885
al2684,a1886
al2685,a1887
al2687,a1288
al2688,a1889
al2689,a1383
al2690,a1890
al2691,a638
al2693,a1891
al2694,a40
al2695,a625
al2696,a1892
al2697,a1021
al2698,a1893
al2698,a1894
al2699,a1895
al2700,a1896
al2701,a785
al2702,a1897
al2703,a649
al2703,a703
al2703,a1477
al2704,a1898
al2706,a531
al2707,a1899
al2708,a1703
al2709,a1901
al2709,a1191
al2711,a902
al2712,a1097
al2713,a147
al2713,a232
al2714,a1903
al2715,a889
al2716,a1904
al2717,a1905
al2718,a343
al2719,a1121
al2721,a488
al2722,a727
al2723,a813
al2724,a271
al2725,a1907
al2726,a1908
al2727,a1909
al2728,a1910
al2729,a473
al2730,a215
al2731,a1911
al2731,a7
al2732,a1912
al2733,a1913
al2734,a720
al2735,a53
al2736,a1914
al2737,a59
al2740,a418
al2741,a417
al2742,a311
al2743,a1916
al2745,a85
al2746,a165
al2747,a1394
al2747,a1919
al2748,a1383
al2749,a1920
al2750,a1697
al2751,a66
al2751,a51
al2752,a1922
al2753,a790
al2754,a165
al2755,a1923
al2756,a40
al2757,a948
al2757,a276
al2758,a736
al2759,a1288
al2760,a1924
al2761,a1925
al2762,a1926
al2763,a226
al2764,a467
al2765,a1609
al2766,a1334
al2768,a657
al2769,a529
al2770,a1929
al2771,a1160
al2772,a1235
al2773,a1373
al2774,a1930
al2775,a948
al2776,a1931
al2777,a1932
al2778,a1175
al2779,a1933
al2780,a169
al2781,a1322
al2783,a1935
al2784,a60
al2785,a1936
al2787,a1939
al2788,a568
al2789,a336
al2790,a298
al2791,a1940
al2792,a1283
al2792,a1284
al2793,a885
al2793,a1941
al2794,a1024
al2795,a135
al2796,a1943
al2797,a1093
al2798,a1945
al2799,a966
al2800,a1946
al2802,a1462
al2803,a12
al2804,a1947
al2806,a1636
al2807,a1949
al2808,a1950
al2809,a1066
al2810,a147
al2811,a1952
al2812,a1953
al2813,a139
al2814,a1661
al2815,a68
al2816,a1005
al2817,a198
al2817,a1955
al2817,a1956
al2818,a65
al2819,a1957
al2819,a1936
al2820,a152
al2821,a1958
al2822,a620
al2823,a1117
al2824,a1959
al2825,a788
al2826,a2466
al2826,a1960
al2827,a655
al2828,a1961
al2829,a1160
al2830,a1125
al2831,a1962
al2832,a1963
al2833,a1964
al2834,a1965
al2835,a1177
al2836,a501
al2837,a1403
al2838,a1966
al2839,a1967
al2840,a1968
al2841,a500
al2842,a1969
al2843,a190
al2844,a1972
al2845,a1220
al2846,a250
al2847,a1975
al2848,a261
al2849,a140
al2849,a551
al2850,a1020
al2851,a479
al2852,a298
al2853,a1976
al2854,a139
al2855,a1832
al2856,a197
al2857,a1977
al2858,a1402
al2858,a1833
al2858,a1978
al2859,a551
al2860,a1979
al2860,a1980
al2861,a1981
al2862,a351
al2863,a1982
al2864,a1983
al2865,a211
al2866,a963
al2867,a1165
al2868,a995
al2869,a7
al2869,a606
al2870,a1984
al2871,a1896
al2872,a296
al2873,a10
al2874,a647
al2875,a1985
al2876,a145
al2877,a586
al2878,a1427
al2879,a81
al2880,a1986
al2881,a110
al2882,a1293
al2883,a320
al2884,a383
al2885,a214
al2886,a56
al2887,a558
al2888,a1097
al2889,a224
al2890,a1987
al2891,a469
al2892,a1990
al2893,a1220
al2894,a1991
al2895,a698
al2896,a1194
al2897,a316
al2898,a608
al2898,a520
al2899,a1993
al2900,a1994
al2901,a1995
al2902,a1466
al2903,a563
al2904,a1996
al2905,a393
al2906,a703
al2907,a340
al2908,a813
al2909,a439
al2910,a1997
al2911,a628
al2912,a1998
al2912,a1999
al2913,a149
al2914,a1048
al2915,a2000
al2915,a1117
al2916,a517
al2917,a687
al2918,a7
al2919,a1602
al2920,a10
al2921,a1084
al2922,a2002
al2923,a2003
al2924,a2004
al2925,a2005
al2926,a738
al2927,a197
al2928,a1432
al2929,a898
al2930,a396
al2931,a867
al2932,a36
al2934,a2010
al2935,a2011
al2936,a2012
al2937,a2013
al2938,a666
al2939,a532
al2940,a340
al2941,a392
al2942,a312
al2943,a37
al2945,a35
al2947,a1487
al2948,a1581
al2949,a1169
al2950,a32
al2951,a594
al2952,a2015
al2953,a476
al2954,a99
al2955,a2016
al2956,a340
al2957,a30
al2958,a394
al2959,a2018
al2960,a2019
al2961,a2020
al2963,a35
al2964,a335
al2966,a129
al2967,a2024
al2968,a446
al2969,a1162
al2970,a198
al2971,a152
al2972,a618
al2973,a620
al2974,a2025
al2975,a1428
al2975,a1429
al2976,a2026
al2977,a1610
al2978,a461
al2979,a2027
al2980,a165
al2981,a2028
al2982,a2029
al2983,a2030
al2986,a2032
al2988,a1690
al2989,a432
al2990,a2033
al2991,a294
al2992,a286
al2992,a287
al2993,a2036
al2993,a165
al2994,a377
al2995,a1238
al2996,a418
al2997,a750
al2998,a276
al2999,a831
al3000,a2038
al3001,a1629
al3002,a2039
al3003,a149
al3004,a1832
al3005,a232
al3005,a2041
al3006,a2042
al3007,a99
al3008,a104
al3009,a2043
al3010,a352
al3011,a10
al3012,a482
al3013,a716
al3014,a1141
al3015,a400
al3016,a316
al3016,a356
al3017,a354
al3018,a2044
al3019,a791
al3020,a65
al3021,a2045
al3022,a87
al3023,a44
al3024,a30
al3025,a2046
al3026,a1004
al3027,a2047
al3028,a85
al3029,a298
al3030,a812
al3031,a2048
al3032,a1185
al3033,a116
al3034,a152
al3035,a2051
al3036,a732
al3037,a2052
al3038,a1293
al3039,a610
al3039,a2053
al3040,a966
al3041,a197
al3042,a85
al3043,a165
al3044,a2054
al3045,a44
al3046,a2055
al3047,a2056
al3048,a850
al3049,a2057
al3050,a713
al3051,a2058
al3052,a815
al3053,a169
al3054,a417
al3055,a2059
al3056,a590
al3057,a439
al3058,a589
al3059,a968
al3060,a1405
al3062,a1950
al3063,a204
al3064,a384
al3065,a903
al3066,a2061
al3067,a2062
al3068,a2063
al3069,a377
al3070,a1573
al3071,a899
al3072,a2046
al3073,a801
al3074,a140
al3075,a2064
al3076,a165
al3077,a1334
al3078,a35
al3078,a620
al3079,a2065
al3080,a657
al3081,a230
al3082,a1269
al3083,a288
al3084,a158
al3085,a995
al3086,a2066
al3086,a149
al3086,a2039
al3087,a1163
al3088,a285
al3089,a517
al3090,a831
al3091,a340
al3092,a385
al3093,a1614
al3094,a2067
al3095,a26
al3096,a999
al3097,a2069
al3098,a1425
al3099,a2070
al3100,a2071
al3101,a2072
al3102,a471
al3103,a2073
al3104,a2074
al3105,a2075
al3106,a2076
al3107,a1983
al3108,a2077
al3109,a97
al3110,a2078
al3111,a2079
al3113,a1011
al3114,a2081
al3115,a251
al3117,a132
al3119,a40
al3120,a2085
al3121,a503
al3122,a2086
al3124,a568
al3125,a2087
al3126,a2088
al3127,a2089
al3128,a2091
al3129,a2092
al3130,a278
al3131,a2093
al3132,a1160
al3133,a1828
al3134,a2095
al3135,a101
al3135,a693
al3136,a2096
al3137,a871
al3138,a1860
al3139,a767
al3140,a2097
al3141,a2098
al3141,a1954
al3142,a2099
al3142,a2100
al3143,a993
al3144,a73
al3145,a2101
al3146,a1236
al3147,a183
al3148,a1043
al3150,a1730
al3151,a2103
al3152,a2104
al3153,a1244
al3153,a1245
al3154,a2061
al3155,a2105
al3156,a2106
al3157,a153
al3158,a654
al3159,a1005
al3159,a629
al3160,a130
al3161,a885
al3162,a1854
al3163,a515
al3164,a1220
al3165,a2108
al3166,a569
al3167,a1032
al3168,a647
al3168,a1000
al3168,a1001
al3169,a2042
al3171,a73
al3172,a2110
al3173,a566
al3174,a2111
al3175,a2112
al3176,a2113
al3177,a638
al3178,a2114
al3179,a478
al3180,a610
al3181,a1101
al3182,a2115
al3182,a67
al3183,a2116
al3184,a368
al3185,a1551
al3186,a16
al3187,a718
al3188,a450
al3189,a2117
al3190,a1006
al3192,a113
al3193,a1162
al3194,a2119
al3195,a2120
al3196,a2121
al3196,a402
al3197,a2122
al3198,a2123
al3199,a2124
al3200,a84
al3201,a2125
al3202,a190
al3203,a2127
al3204,a755
al3205,a60
al3206,a816
al3207,a1330
al3208,a909
al3209,a655
al3210,a2128
al3211,a2129
al3212,a1833
al3213,a1352
al3214,a2131
al3215,a626
al3217,a1117
al3218,a2132
al3219,a2133
al3220,a2136
al3221,a15
al3222,a2137
al3223,a1663
al3224,a1093
al3225,a22
al3226,a2138
al3227,a31
al3228,a98
al3229,a2140
al3230,a830
al3231,a1382
al3232,a208
al3233,a2142
al3234,a467
al3235,a1071
al3236,a2143
al3237,a150
al3238,a643
al3239,a1818
al3240,a197
al3241,a2144
al3242,a2145
al3243,a861
al3244,a664
al3245,a190
al3246,a790
al3247,a2146
al3248,a2147
al3249,a1919
al3250,a2148
al3251,a2149
al3252,a2150
al3253,a270
al3254,a2151
al3255,a689
al3255,a2153
al3256,a85
al3257,a2154
al3258,a2156
al3259,a1960
al3260,a59
al3261,a1160
al3262,a542
al3263,a104
al3264,a1733
al3265,a655
al3266,a147
al3267,a729
al3268,a2157
al3269,a983
al3270,a2158
al3271,a1005
al3272,a1319
al3273,a2159
al3274,a207
al3275,a169
al3276,a476
al3277,a2160
al3278,a2161
al3279,a705
al3279,a2162
al3280,a1289
al3281,a1654
al3282,a1143
al3283,a1115
al3283,a1882
al3284,a421
al3285,a2163
al3286,a2164
al3287,a2165
al3288,a1757
al3289,a1095
al3290,a1181
al3291,a54
al3292,a129
al3293,a1725
al3294,a2167
al3295,a2168
al3296,a620
al3297,a555
al3298,a371
al3299,a1202
al3300,a2169
al3301,a1981
al3302,a41
al3303,a1453
al3304,a340
al3305,a74
al3306,a74
al3307,a1006
al3308,a1147
al3309,a2170
al3310,a2172
al3311,a2173
al3312,a439
al3313,a930
al3314,a298
al3315,a40
al3316,a15
al3317,a957
al3318,a2175
al3319,a13
al3320,a1381
al3321,a40
al3322,a2061
al3323,a2177
al3324,a761
al3325,a2178
al3326,a979
al3327,a584
al3328,a1697
al3329,a992
al3330,a635
al3330,a44
al3331,a2179
al3332,a1975
al3333,a1976
al3334,a927
al3335,a1204
al3336,a3
al3337,a2014
al3338,a816
al3339,a2181
al3341,a266
al3342,a183
al3343,a719
al3344,a2183
al3345,a620
al3346,a3361
al3347,a68
al3348,a9
al3349,a153
al3350,a2184
al3351,a1205
al3353,a563
al3354,a2186
al3355,a2187
al3356,a592
al3357,a2188
al3358,a2189
al3359,a1996
al3360,a2190
al3361,a138
al3362,a16
al3363,a961
al3364,a2191
al3365,a1745
al3366,a1022
al3367,a2192
al3368,a2193
al3369,a417
al3371,a266
al3372,a2194
al3373,a2195
al3374,a64
al3375,a2197
al3376,a2198
al3377,a860
al3378,a2199
al3379,a298
al3380,a563
al3381,a2200
al3382,a260
al3383,a792
al3384,a1436
al3385,a503
al3386,a2201
al3387,a2204
al3388,a996
al3389,a1734
al3389,a2205
al3390,a2206
al3391,a2207
al3392,a2208
al3393,a211
al3394,a190
al3395,a1965
al3396,a2209
al3397,a2102
al3398,a917
al3400,a666
al3401,a2211
al3402,a1930
al3403,a2212
al3404,a2213
al3405,a2214
al3406,a169
al3407,a1003
al3408,a2215
al3409,a482
al3410,a2216
al3411,a2217
al3412,a2218
al3413,a2219
al3414,a2220
al3415,a2221
al3416,a909
al3417,a2222
al3418,a383
al3419,a273
al3420,a271
al3421,a884
al3422,a216
al3423,a2223
al3424,a353
al3425,a1364
al3426,a44
al3427,a488
al3428,a2224
al3430,a2226
al3431,a191
al3432,a239
al3433,a2229
al3434,a455
al3435,a230
al3436,a1996
al3437,a2231
al3438,a2232
al3439,a648
al3440,a794
al3442,a2234
al3443,a2235
al3444,a103
al3445,a1564
al3446,a732
al3447,a68
al3448,a855
al3449,a2238
al3450,a1716
al3451,a768
al3452,a302
al3452,a413
al3453,a2240
al3454,a175
al3455,a738
al3456,a2241
al3457,a2242
al3458,a2243
al3459,a889
al3461,a379
al3463,a429
al3464,a689
al3464,a201
al3465,a2246
al3466,a340
al3467,a539
al3468,a1136
al3470,a697
al3471,a1058
al3472,a703
al3473,a1004
al3475,a2249
al3476,a189
al3477,a2250
al3478,a41
al3479,a634
al3480,a1594
al3481,a1281
al3482,a531
al3483,a724
al3483,a2252
al3484,a405
al3485,a638
al3486,a2253
al3487,a68
al3488,a2517
al3489,a2256
al3490,a85
al3491,a2257
al3492,a301
al3493,a1348
al3494,a145
al3495,a791
al3496,a27
al3497,a2258
al3498,a816
al3499,a693
al3500,a18
al3501,a727
al3502,a505
al3503,a2260
al3504,a1250
al3505,a1231
al3506,a36
al3507,a226
al3508,a2261
al3509,a2262
al3510,a755
al3511,a273
al3512,a16
al3513,a2264
al3514,a2265
al3515,a2006
al3516,a1004
al3517,a404
al3518,a2268
al3519,a2269
al3520,a2270
al3521,a1156
al3522,a925
al3523,a86
al3524,a40
al3525,a1196
al3526,a2271
al3527,a723
al3528,a2272
al3528,a2273
al3529,a2274
al3530,a2275
al3531,a1039
al3531,a2276
al3531,a2277
al3532,a2132
al3533,a2278
al3533,a2279
al3534,a2280
al3535,a2281
al3536,a411
al3537,a1573
al3538,a2282
al3539,a18
al3540,a455
al3541,a1175
al3541,a2283
al3542,a40
al3543,a2284
al3545,a1425
al3546,a313
al3547,a687
al3548,a15
al3549,a1653
al3550,a2286
al3551,a204
al3552,a2244
al3553,a2195
al3554,a1205
al3555,a2288
al3556,a771
al3557,a2289
al3558,a666
al3559,a2182
al3560,a147
al3561,a693
al3562,a267
al3563,a284
al3564,a927
al3565,a2290
al3566,a1288
al3567,a348
al3568,a1270
al3569,a1982
al3570,a339
al3571,a2291
al3572,a2293
al3573,a267
al3574,a2193
al3575,a2294
al3576,a299
al3579,a81
al3580,a1066
al3581,a2296
al3582,a2298
al3583,a185
al3584,a390
al3585,a1337
al3586,a2299
al3587,a734
al3588,a345
al3589,a582
al3590,a620
al3591,a2001
al3592,a1502
al3593,a2300
al3594,a2301
al3595,a948
al3595,a2138
al3596,a2302
al3597,a1171
al3598,a1032
al3599,a2304
al3600,a807
al3601,a2305
al3602,a1407
al3603,a2306
al3604,a944
al3605,a2307
al3605,a2308
al3606,a1693
al3607,a700
al3608,a1399
al3609,a487
al3610,a1645
al3610,a2309
al3610,a2310
al3611,a264
al3612,a129
al3612,a2063
al3613,a2311
al3614,a2312
al3615,a186
al3616,a559
al3617,a1335
al3618,a803
al3619,a139
al3621,a2314
al3622,a530
al3623,a2315
al3625,a2317
al3625,a2318
al3626,a2319
al3627,a1892
al3628,a2320
al3630,a720
al3631,a81
al3632,a1082
al3633,a2322
al3634,a869
al3635,a260
al3636,a2323
al3637,a2324
al3637,a312
al3638,a735
al3639,a532
al3640,a1655
al3641,a81
al3641,a2325
al3642,a917
al3643,a298
al3644,a620
al3644,a2326
al3645,a2327
al3646,a602
al3647,a547
al3648,a543
al3649,a139
al3651,a1037
al3652,a1010
al3653,a310
al3654,a439
al3655,a2330
al3656,a1449
al3657,a183
al3658,a239
al3659,a84
al3660,a346
al3661,a2331
al3662,a2048
al3663,a68
al3664,a1405
al3665,a182
al3666,a2333
al3667,a2334
al3668,a1052
al3669,a2039
al3670,a2335
al3671,a2336
al3672,a1322
al3673,a189
al3674,a482
al3674,a2041
al3675,a2337
al3676,a1096
al3677,a1032
al3678,a2338
al3679,a237
al3680,a1643
al3682,a1066
al3683,a543
al3684,a2340
al3685,a88
al3686,a2341
al3687,a2342
al3688,a780
al3688,a620
al3689,a739
al3690,a30
al3691,a2193
al3692,a790
al3693,a465
al3694,a956
al3695,a37
al3695,a60
al3696,a181
al3697,a2344
al3698,a118
al3699,a2345
al3700,a716
al3701,a1484
al3702,a2347
al3703,a89
al3704,a666
al3705,a2348
al3706,a1194
al3707,a2351
al3708,a2166
al3709,a421
al3710,a2356
al3711,a2716
al3712,a1324
al3713,a2359
al3714,a1096
al3715,a1363
al3717,a2361
al3718,a116
al3720,a1913
al3721,a1587
al3722,a956
al3723,a2367
al3724,a2368
al3725,a2369
al3726,a783
al3727,a555
al3728,a2370
al3729,a1030
al3730,a2371
al3731,a247
al3732,a463
al3733,a2373
al3734,a97
al3735,a2374
al3736,a27
al3737,a2375
al3738,a2376
al3739,a58
al3740,a82
al3741,a1115
al3742,a2377
al3742,a2378
al3743,a2379
al3743,a852
al3744,a803
al3744,a1332
al3745,a2380
al3746,a2381
al3747,a881
al3748,a1666
al3749,a2382
al3750,a184
al3750,a573
al3751,a480
al3752,a1940
al3753,a1785
al3754,a598
al3755,a1240
al3756,a2339
al3757,a2209
al3758,a1997
al3760,a559
al3761,a2385
al3762,a470
al3762,a298
al3764,a2389
al3765,a1474
al3766,a251
al3767,a1066
al3768,a530
al3769,a1229
al3771,a190
al3772,a1405
al3773,a813
al3774,a2391
al3774,a2392
al3775,a2393
al3776,a593
al3777,a2394
al3778,a2395
al3778,a859
al3778,a232
al3779,a870
al3780,a40
al3781,a2396
al3782,a1138
al3783,a505
al3784,a383
al3785,a2397
al3786,a2398
al3787,a2399
al3788,a256
al3789,a2103
al3790,a1154
al3791,a276
al3792,a610
al3792,a858
al3793,a2400
al3794,a1238
al3795,a926
al3796,a2401
al3797,a2402
al3798,a97
al3799,a2403
al3800,a313
al3801,a2404
al3802,a421
al3803,a833
al3804,a693
al3805,a2405
al3806,a2406
al3807,a1351
al3808,a272
al3809,a2407
al3810,a2409
al3811,a1049
al3812,a523
al3813,a1240
al3815,a2138
al3816,a1101
al3818,a1848
al3819,a81
al3820,a1220
al3821,a654
al3822,a1105
al3823,a2069
al3824,a2416
al3825,a145
al3826,a2417
al3827,a164
al3828,a494
al3829,a1085
al3830,a110
al3831,a767
al3831,a467
al3832,a75
al3833,a2419
al3834,a796
al3835,a2421
al3837,a1143
al3838,a2422
al3839,a2423
al3840,a2424
al3841,a2331
al3842,a1557
al3843,a1002
al3843,a462
al3844,a2045
al3845,a1986
al3846,a44
al3847,a2425
al3848,a2426
al3849,a2427
al3850,a2428
al3852,a2431
al3853,a1697
al3856,a2433
al3857,a53
al3859,a81
al3860,a376
al3861,a81
al3862,a166
al3863,a2436
al3864,a2437
al3865,a41
al3866,a2438
al3867,a284
al3868,a2439
al3869,a934
al3870,a1697
al3871,a831
al3872,a2441
al3873,a2442
al3874,a1880
al3875,a175
al3876,a432
al3877,a2443
al3878,a2444
al3879,a2445
al3880,a1396
al3881,a2446
al3882,a1345
al3883,a2447
al3883,a2448
al3884,a204
al3885,a2450
al3886,a53
al3887,a2156
al3888,a1050
al3889,a210
al3891,a2453
al3892,a1095
al3892,a2454
al3893,a2455
al3894,a694
al3895,a713
al3896,a2456
al3898,a633
al3899,a1275
al3900,a1515
al3901,a2457
al3902,a516
al3903,a2458
al3904,a1293
al3905,a797
al3906,a2459
al3907,a2460
al3909,a1073
al3910,a177
al3912,a2461
al3913,a2105
al3914,a2246
al3915,a25
al3916,a2464
al3916,a2465
al3917,a2466
al3918,a2467
al3919,a1499
al3920,a2164
al3921,a1098
al3922,a2468
al3923,a998
al3924,a237
al3925,a2469
al3926,a2469
al3927,a606
al3928,a267
al3929,a964
al3930,a208
al3931,a129
al3932,a2470
al3934,a1403
al3935,a2472
al3936,a2473
al3937,a1063
al3938,a514
al3939,a1220
al3940,a2475
al3941,a1009
al3942,a101
al3943,a2478
al3944,a2479
al3945,a185
al3946,a694
al3947,a1245
al3948,a2481
al3948,a2482
al3949,a207
al3950,a87
al3951,a53
al3952,a666
al3953,a2085
al3954,a2483
al3955,a2484
al3956,a2485
al3957,a2486
al3958,a2487
al3959,a1250
al3960,a130
al3961,a623
al3962,a16
al3963,a494
al3964,a101
al3964,a276
al3965,a2488
al3965,a478
al3966,a432
al3967,a2489
al3968,a1169
al3969,a1
al3970,a1434
al3971,a355
al3972,a147
al3973,a16
al3974,a1380
al3975,a1016
al3976,a149
al3977,a569
al3978,a2490
al3979,a2491
al3980,a276
al3982,a2493
al3983,a1324
al3984,a303
al3984,a1096
al3985,a1059
al3986,a397
al3987,a239
al3988,a132
al3989,a2494
al3990,a410
al3991,a2496
al3992,a1720
al3993,a2497
al3994,a690
al3996,a2301
al3997,a2498
al3998,a2499
al3999,a197
al4000,a999
al4001,a1160
al4002,a1095
al4003,a995
al4004,a611
al4004,a1597
al4005,a837
al4005,a2500
al4005,a838
al4006,a206
al4007,a580
al4007,a2437
al4007,a2501
al4008,a1465
al4009,a2502
al4010,a2503
al4011,a2504
al4012,a2505
al4013,a1066
al4014,a149
al4015,a37
al4016,a2507
al4017,a1965
al4018,a1880
al4019,a1100
al4020,a836
al4021,a785
al4022,a44
al4023,a152
al4024,a2209
al4025,a2508
al4026,a2509
al4027,a1782
al4027,a2510
al4028,a495
al4029,a2511
al4030,a68
al4031,a36
al4032,a2512
al4033,a479
al4034,a337
al4035,a2514
al4037,a1432
al4038,a2515
al4039,a953
al4040,a432
al4041,a278
al4042,a778
al4043,a274
al4044,a203
al4045,a2516
al4045,a1166
al4046,a2517
al4047,a2518
al4048,a720
al4049,a132
al4050,a1009
al4051,a31
al4052,a2084
al4053,a2519
al4054,a2520
al4055,a1903
al4056,a633
al4057,a719
al4058,a2521
al4059,a144
al4060,a1331
al4061,a177
al4062,a386
al4063,a410
al4064,a284
al4065,a1097
al4066,a226
al4067,a532
al4068,a261
al4069,a2522
al4070,a2457
al4071,a2523
al4072,a354
al4073,a1849
al4074,a177
al4075,a2039
al4075,a620
al4075,a1343
al4076,a2524
al4077,a2525
al4078,a2257
al4079,a2526
al4080,a76
al4082,a2528
al4083,a1586
al4084,a2532
al4085,a1220
al4086,a152
al4087,a2535
al4088,a481
al4089,a2536
al4090,a626
al4091,a2537
al4092,a1327
al4093,a1009
al4094,a482
al4095,a2538
al4096,a31
al4097,a152
al4098,a2539
al4099,a2540
al4100,a1003
al4101,a298
al4102,a2541
al4103,a64
al4104,a1407
al4105,a2543
al4106,a2544
al4107,a2545
al4108,a2546
al4109,a1115
al4110,a699
al4111,a1405
al4112,a182
al4113,a2548
al4114,a633
al4115,a1579
al4116,a1445
al4117,a1134
al4118,a1172
al4119,a2549
al4120,a165
al4120,a2550
al4121,a412
al4122,a249
al4123,a2551
al4124,a1095
al4125,a406
al4125,a407
al4125,a408
al4126,a1723
al4127,a1381
al4128,a2452
al4129,a215
al4130,a2553
al4131,a478
al4132,a2555
al4133,a2556
al4134,a1107
al4135,a2557
al4136,a1941
al4137,a2558
al4137,a2559
al4137,a2560
al4138,a2563
al4139,a719
al4140,a314
al4141,a1297
al4142,a2564
al4142,a2565
al4143,a2566
al4144,a2567
al4145,a1096
al4146,a2568
al4147,a623
al4148,a2569
al4150,a226
al4151,a964
al4152,a2570
al4153,a63
al4154,a2106
al4156,a2571
al4157,a1985
al4158,a129
al4159,a349
al4160,a85
al4161,a402
al4162,a1880
al4163,a2572
al4164,a2535
al4165,a2573
al4166,a15
al4167,a2574
al4167,a2575
al4168,a1549
al4169,a1892
al4170,a926
al4171,a1003
al4172,a1161
al4173,a51
al4174,a2092
al4175,a791
al4176,a250
al4177,a2578
al4178,a2326
al4178,a101
al4179,a2579
al4180,a1006
al4181,a2582
al4182,a2215
al4183,a2461
al4184,a22
al4185,a431
al4186,a169
al4186,a1658
al4186,a647
al4187,a1095
al4188,a517
al4188,a176
al4189,a1002
al4189,a2583
al4190,a502
al4191,a2585
al4192,a2586
al4192,a2587
al4193,a2588
al4194,a2589
al4195,a1554
al4196,a42
al4197,a1691
al4198,a2466
al4199,a2590
al4200,a2591
al4200,a2592
al4201,a2593
al4202,a1692
al4203,a607
al4204,a2594
al4205,a761
al4206,a2595
al4207,a1331
al4208,a81
al4209,a30
al4210,a2597
al4211,a473
al4212,a2598
al4213,a2599
al4214,a1041
al4215,a797
al4216,a2601
al4217,a759
al4218,a2121
al4219,a396
al4219,a2008
al4220,a2603
al4222,a2605
al4223,a10
al4224,a2056
al4225,a2606
al4226,a2607
al4227,a2608
al4228,a2609
al4229,a2610
al4230,a2095
al4231,a1321
al4233,a212
al4235,a190
al4236,a503
al4237,a2612
al4238,a2613
al4239,a2614
al4240,a418
al4241,a2615
al4242,a2441
al4243,a421
al4244,a1004
al4245,a1896
al4246,a87
al4247,a2616
al4248,a1833
al4248,a1978
al4249,a533
al4250,a2617
al4251,a1228
al4252,a700
al4253,a2619
al4254,a755
al4255,a1930
al4256,a1579
al4257,a1126
al4258,a81
al4259,a2046
al4260,a2620
al4261,a1073
al4262,a1324
al4263,a979
al4264,a298
al4265,a587
al4267,a181
al4268,a1213
al4269,a1220
al4271,a705
al4272,a2622
al4274,a786
al4275,a211
al4276,a2624
al4277,a2626
al4278,a720
al4279,a875
al4280,a666
al4280,a610
al4281,a2628
al4282,a2629
al4282,a2630
al4283,a613
al4284,a176
al4285,a2631
al4286,a261
al4287,a1008
al4288,a2632
al4289,a168
al4290,a2095
al4291,a44
al4292,a139
al4293,a99
al4294,a605
al4295,a1098
al4296,a500
al4297,a374
al4298,a1851
al4299,a2633
al4300,a2634
al4301,a2635
al4302,a328
al4303,a610
al4304,a37
al4305,a1063
al4306,a1234
al4307,a169
al4308,a2637
al4309,a2638
al4310,a802
al4311,a2639
al4311,a2640
al4312,a2641
al4313,a767
al4314,a2642
al4315,a351
al4316,a340
al4317,a2643
al4318,a913
al4318,a1312
al4318,a1956
al4320,a2046
al4321,a939
al4322,a1272
al4323,a1076
al4324,a1004
al4324,a2646
al4325,a139
al4326,a2647
al4327,a2648
al4328,a1935
al4329,a1252
al4330,a945
al4331,a2649
al4331,a2650
al4332,a533
al4333,a785
al4334,a841
al4335,a703
al4336,a318
al4337,a2651
al4338,a1234
al4339,a2652
al4340,a2653
al4341,a991
al4342,a2654
al4343,a1341
al4344,a211
al4345,a1010
al4346,a713
al4347,a190
al4348,a830
al4349,a2655
al4350,a182
al4351,a606
al4352,a2194
al4353,a2656
al4354,a85
al4355,a786
al4356,a487
al4357,a2657
al4358,a1330
al4359,a2304
al4360,a1620
al4361,a1158
al4362,a211
al4363,a1096
al4365,a727
al4366,a2218
al4367,a2660
al4368,a1348
al4369,a1217
al4370,a1032
al4370,a1564
al4371,a1575
al4372,a986
al4373,a2132
al4374,a1187
al4375,a13
al4376,a2661
al4378,a303
al4378,a1218
al4379,a216
al4380,a211
al4381,a2663
al4382,a2664
al4383,a340
al4384,a2665
al4385,a1115
al4386,a1880
al4387,a1833
al4387,a1978
al4388,a511
al4389,a2667
al4390,a563
al4391,a2668
al4392,a2669
al4393,a2670
al4394,a1120
al4395,a2671
al4396,a2672
al4397,a606
al4398,a359
al4398,a360
al4398,a361
al4398,a362
al4399,a98
al4400,a471
al4400,a215
al4401,a1073
al4403,a2674
al4404,a1610
al4405,a2675
al4406,a2407
al4407,a2676
al4409,a190
al4410,a1536
al4411,a2678
al4412,a406
al4412,a407
al4412,a408
al4413,a917
al4414,a2679
al4415,a332
al4416,a842
al4416,a843
al4417,a2680
al4418,a2681
al4419,a961
al4420,a2682
al4421,a136
al4422,a2683
al4423,a318
al4424,a152
al4425,a2684
al4426,a2685
al4427,a610
al4428,a2686
al4429,a153
al4430,a1178
al4431,a177
al4432,a2687
al4433,a2688
al4434,a2689
al4435,a2437
al4437,a251
al4438,a2327
al4439,a1153
al4440,a211
al4441,a2691
al4441,a517
al4442,a870
al4443,a1617
al4444,a2692
al4445,a895
al4446,a628
al4446,a629
al4447,a1185
al4448,a2694
al4449,a165
al4450,a2695
al4451,a478
al4451,a2696
al4453,a1946
al4454,a2698
al4455,a768
al4456,a2699
al4457,a1425
al4458,a310
al4459,a467
al4460,a2099
al4461,a2700
al4462,a303
al4463,a101
al4463,a37
al4464,a44
al4465,a861
al4466,a482
al4467,a2701
al4468,a734
al4469,a482
al4470,a2703
al4471,a2704
al4472,a2039
al4474,a623
al4475,a109
al4476,a2708
al4477,a2709
al4478,a837
al4479,a56
al4480,a775
al4481,a1239
al4482,a1363
al4483,a2711
al4483,a610
al4484,a73
al4485,a169
al4486,a2712
al4487,a138
al4488,a2713
al4489,a203
al4490,a60
al4491,a2715
al4491,a2716
al4492,a2717
al4493,a2037
al4494,a2719
al4494,a2720
al4495,a610
al4495,a567
al4496,a955
al4497,a2722
al4498,a701
al4499,a2723
al4500,a665
al4501,a1008
al4502,a2320
al4503,a150
al4504,a2724
al4504,a2725
al4505,a10
al4507,a777
al4508,a606
al4509,a2727
al4510,a2728
al4511,a1513
al4512,a2729
al4513,a778
al4514,a2730
al4516,a212
al4517,a1569
al4518,a214
al4518,a1172
al4519,a1082
al4520,a3
al4520,a507
al4522,a73
al4523,a2733
al4524,a439
al4525,a654
al4527,a1680
al4528,a2477
al4529,a1115
al4530,a2735
al4531,a486
al4532,a2736
al4533,a2001
al4534,a1327
al4535,a1154
al4536,a727
al4537,a42
al4539,a1163
al4540,a1007
al4541,a893
al4542,a2738
al4543,a1384
al4544,a1004
al4546,a2741
al4547,a2742
al4548,a2743
al4548,a2126
al4549,a2417
al4550,a608
al4550,a59
al4550,a1587
al4551,a1242
al4552,a2149
al4553,a1136
al4554,a2149
al4555,a562
al4556,a1386
al4557,a35
al4557,a232
al4558,a790
al4560,a2748
al4561,a778
al4562,a2749
al4563,a24
al4564,a2750
al4565,a215
al4566,a2751
al4566,a2752
al4567,a1032
al4568,a563
al4569,a2754
al4570,a2755
al4571,a1228
al4572,a164
al4573,a1462
al4574,a636
al4575,a2756
al4576,a44
al4577,a2757
al4578,a2156
al4579,a1293
al4580,a2758
al4582,a1527
al4582,a1528
al4583,a101
al4583,a153
al4584,a2052
al4585,a2759
al4586,a778
al4587,a2211
al4588,a2193
al4589,a33
al4590,a101
al4591,a2760
al4592,a2761
al4593,a2762
al4594,a2763
al4595,a1018
al4596,a199
al4597,a1220
al4598,a2764
al4599,a986
al4600,a2765
al4601,a1977
al4602,a1115
al4603,a755
al4604,a610
al4605,a1164
al4606,a2766
al4607,a2515
al4608,a2410
al4609,a719
al4610,a555
al4611,a173
al4612,a169
al4613,a2768
al4614,a775
al4615,a2769
al4616,a864
al4617,a986
al4618,a2770
al4619,a2654
al4620,a496
al4621,a2771
al4622,a2772
al4623,a1324
al4624,a271
al4624,a2773
al4624,a2774
al4625,a1048
al4626,a1471
al4627,a553
al4628,a2776
al4629,a64
al4630,a59
al4631,a2777
al4632,a1407
al4633,a283
al4634,a271
al4635,a2778
al4636,a2121
al4637,a1118
al4638,a432
al4639,a2781
al4639,a2782
al4640,a421
al4641,a2783
al4642,a101
al4643,a2784
al4644,a2785
al4645,a763
al4646,a2786
al4647,a204
al4648,a2783
al4649,a2788
al4650,a2447
al4651,a719
al4652,a181
al4653,a368
al4654,a2790
al4655,a2334
al4656,a2791
al4657,a2792
al4658,a2793
al4659,a2390
al4660,a1096
al4661,a490
al4662,a239
al4663,a1476
al4664,a1685
al4665,a85
al4667,a1322
al4668,a913
al4668,a2794
al4670,a189
al4671,a432
al4672,a2796
al4673,a738
al4674,a1625
al4675,a2396
al4676,a2180
al4677,a215
al4677,a790
al4678,a1832
al4679,a2798
al4680,a2799
al4681,a2536
al4682,a2800
al4683,a1770
al4684,a571
al4684,a351
al4685,a31
al4686,a879
al4687,a1449
al4688,a1008
al4690,a1112
al4691,a1217
al4692,a1733
al4693,a12
al4694,a190
al4695,a1770
al4696,a204
al4697,a31
al4698,a352
al4699,a119
al4700,a1272
al4701,a2142
al4702,a2802
al4704,a250
al4705,a1426
al4706,a2526
al4707,a28
al4707,a2804
al4708,a2805
al4709,a2806
al4710,a1526
al4711,a1062
al4712,a690
al4713,a2808
al4714,a150
al4715,a414
al4717,a1851
al4718,a2400
al4719,a337
al4720,a583
al4721,a1324
al4722,a41
al4723,a2809
al4724,a2069
al4725,a823
al4726,a2811
al4727,a2211
al4728,a95
al4729,a2813
al4730,a133
al4731,a7
al4732,a189
al4733,a2814
al4734,a44
al4735,a259
al4736,a2815
al4737,a12
al4738,a2816
al4739,a2817
al4740,a232
al4741,a517
al4742,a1350
al4743,a778
al4745,a516
al4746,a1363
al4747,a2819
al4747,a1682
al4747,a2820
al4748,a1556
al4749,a2822
al4750,a1740
al4751,a518
al4752,a2823
al4753,a2213
al4754,a2825
al4754,a2482
al4755,a2826
al4757,a1678
al4758,a81
al4758,a2325
al4759,a647
al4760,a2830
al4761,a1217
al4762,a416
al4763,a2282
al4764,a164
al4765,a2831
al4766,a771
al4767,a90
al4768,a2832
al4769,a648
al4770,a2833
al4771,a1403
al4772,a565
al4773,a517
al4774,a2836
al4775,a539
al4776,a2837
al4777,a2158
al4778,a2466
al4779,a109
al4780,a1047
al4781,a2301
al4782,a2838
al4783,a281
al4784,a2839
al4785,a2840
al4786,a1507
al4787,a1331
al4788,a96
al4789,a2158
al4791,a794
al4792,a2754
al4793,a2842
al4794,a1791
al4795,a335
al4796,a2843
al4797,a147
al4798,a675
al4799,a531
al4800,a2844
al4801,a1436
al4802,a171
al4803,a485
al4804,a620
al4805,a118
al4806,a2846
al4807,a2847
al4808,a1898
al4809,a517
al4810,a2848
al4811,a214
al4812,a517
al4813,a237
al4814,a949
al4815,a739
al4816,a2849
al4817,a875
al4819,a677
al4820,a2851
al4821,a139
al4822,a780
al4823,a2852
al4823,a2853
al4824,a395
al4825,a303
al4826,a898
al4827,a801
al4828,a2854
al4829,a58
al4830,a2743
al4831,a2167
al4832,a2855
al4833,a138
al4834,a677
al4835,a2856
al4836,a1780
al4837,a1093
al4838,a414
al4839,a2466
al4840,a1919
al4841,a790
al4842,a2857
al4843,a2271
al4844,a2859
al4845,a2860
al4846,a636
al4847,a211
al4848,a340
al4849,a210
al4850,a40
al4851,a2863
al4852,a1205
al4853,a2636
al4854,a1987
al4855,a1579
al4856,a161
al4857,a2865
al4858,a963
al4859,a2866
al4860,a926
al4861,a1028
al4862,a794
al4863,a2867
al4864,a1394
al4865,a2868
al4866,a2869
al4867,a2870
al4868,a431
al4869,a2871
al4870,a31
al4871,a773
al4872,a153
al4873,a60
al4874,a2872
al4875,a181
al4876,a2873
al4877,a1279
al4878,a462
al4879,a1286
al4880,a563
al4881,a2874
al4882,a1249
al4883,a610
al4883,a467
al4883,a72
al4884,a564
al4885,a259
al4886,a1197
al4887,a2876
al4888,a353
al4889,a2877
al4889,a2069
al4890,a1288
al4891,a2880
al4892,a1153
al4893,a721
al4894,a200
al4894,a87
al4895,a2881
al4896,a126
al4897,a335
al4898,a2099
al4899,a520
al4900,a2379
al4900,a2882
al4901,a517
al4902,a2098
al4903,a1423
al4904,a161
al4905,a927
al4906,a495
al4907,a816
al4908,a2148
al4909,a2182
al4910,a2558
al4910,a2883
al4911,a641
al4912,a2302
al4913,a101
al4914,a2885
al4915,a2886
al4916,a479
al4917,a2887
al4918,a501
al4919,a1040
al4920,a2889
al4921,a2890
al4921,a2891
al4922,a2397
al4923,a2270
al4924,a821
al4925,a2892
al4926,a1402
al4927,a1383
al4928,a933
al4929,a1205
al4930,a2894
al4931,a2288
al4932,a2896
al4934,a893
al4935,a1859
al4936,a2898
al4937,a2899
al4937,a1829
al4937,a2900
al4938,a1264
al4939,a2902
al4940,a2903
al4941,a2905
al4942,a1327
al4943,a2013
al4944,a2472
al4945,a1725
al4946,a130
al4947,a2906
al4948,a2437
al4949,a2899
al4949,a2907
al4950,a385
al4951,a2908
al4952,a2909
al4953,a1363
al4954,a2910
al4955,a2762
al4956,a2911
al4957,a654
al4958,a647
al4959,a18
al4960,a189
al4961,a1007
al4962,a2912
al4963,a812
al4964,a2914
al4966,a145
al4967,a1563
al4968,a2911
al4969,a1043
al4971,a657
al4972,a1690
al4973,a191
al4974,a503
al4975,a343
al4976,a421
al4976,a2353
al4976,a2354
al4977,a664
al4978,a2918
al4979,a2919
al4980,a786
al4982,a368
al4982,a2922
al4983,a948
al4983,a2923
al4984,a97
al4985,a821
al4986,a620
al4987,a51
al4988,a2924
al4989,a2925
al4990,a698
al4991,a2926
al4992,a499
al4993,a2927
al4994,a1428
al4995,a2930
al4997,a2931
al4998,a684
al4999,a2932
al5000,a620
al5001,a777
al5002,a831
al5003,a2934
al5003,a2935
al5004,a298
al5005,a101
al5006,a2936
al5007,a12
al5008,a2937
al5009,a961
al5013,a569
al5014,a1002
al5014,a1587
al5015,a950
al5016,a2941
al5017,a2942
al5018,a238
al5019,a119
al5020,a812
al5021,a110
al5022,a44
al5023,a181
al5024,a727
al5025,a2944
al5026,a261
al5027,a2945
al5028,a2946
al5029,a1693
al5030,a2947
al5031,a1501
al5032,a2948
al5033,a2949
al5034,a285
al5034,a786
al5035,a2723
al5036,a1082
al5037,a140
al5038,a606
al5039,a315
al5040,a638
al5041,a1020
al5042,a724
al5043,a226
al5044,a2950
al5045,a731
al5046,a479
al5047,a2952
al5048,a2953
al5049,a75
al5050,a2954
al5051,a2777
al5052,a2241
al5053,a870
al5054,a1117
al5055,a182
al5056,a875
al5058,a2956
al5059,a2957
al5060,a1422
al5061,a2958
al5062,a1202
al5063,a340
al5064,a1731
al5065,a247
al5066,a2959
al5067,a478
al5067,a2554
al5068,a439
al5069,a1297
al5070,a2961
al5071,a2962
al5072,a354
al5073,a101
al5074,a850
al5075,a2963
al5076,a22
al5077,a85
al5078,a349
al5079,a1890
al5080,a620
al5081,a2965
al5082,a2966
al5083,a2229
al5084,a2969
al5085,a2970
al5085,a2971
al5086,a2972
al5087,a1516
al5088,a2973
al5089,a410
al5090,a1059
al5091,a2974
al5092,a145
al5093,a1160
al5094,a2271
al5095,a282
al5096,a2138
al5097,a1
al5098,a81
al5099,a2975
al5099,a2976
al5100,a2180
al5101,a476
al5102,a2978
al5103,a1407
al5104,a1690
al5105,a2545
al5106,a534
al5107,a1229
al5108,a283
al5109,a1141
al5110,a82
al5111,a2979
al5111,a610
al5112,a83
al5113,a1113
al5114,a2980
al5115,a184
al5116,a2981
al5117,a2982
al5118,a2213
al5119,a529
al5120,a2131
al5121,a637
al5122,a1218
al5123,a165
al5123,a66
al5124,a2983
al5125,a948
al5126,a518
al5127,a482
al5128,a1969
al5129,a517
al5130,a2427
al5131,a2462
al5132,a276
al5133,a1059
al5134,a2985
al5135,a2986
al5136,a1663
al5137,a2987
al5138,a684
al5139,a18
al5140,a517
al5141,a719
al5142,a786
al5143,a2988
al5144,a2989
al5145,a162
al5146,a1663
al5147,a2585
al5148,a1004
al5148,a665
al5149,a1557
al5150,a2990
al5151,a837
al5151,a645
al5151,a2927
al5152,a2992
al5153,a783
al5154,a1004
al5155,a2994
al5156,a1018
al5157,a134
al5158,a2995
al5159,a1854
al5160,a2997
al5161,a949
al5162,a1551
al5162,a2998
al5163,a429
al5164,a2999
al5165,a3000
al5166,a969
al5167,a3002
al5168,a3004
al5169,a3005
al5170,a1587
al5171,a3006
al5172,a571
al5172,a471
al5173,a1739
al5174,a2051
al5175,a609
al5176,a3008
al5179,a147
al5180,a593
al5181,a607
al5182,a855
al5182,a303
al5183,a559
al5184,a1782
al5184,a2510
al5185,a2496
al5186,a2634
al5187,a1238
al5188,a3010
al5189,a3011
al5190,a584
al5190,a585
al5191,a1049
al5191,a346
al5192,a3012
al5193,a3013
al5194,a2041
al5195,a3014
al5196,a1382
al5197,a3015
al5198,a3016
al5199,a1755
al5200,a169
al5200,a3017
al5201,a1609
al5203,a2754
al5204,a3019
al5205,a3020
al5206,a1436
al5207,a3021
al5208,a3022
al5208,a3023
al5209,a2128
al5210,a3024
al5211,a1593
al5212,a60
al5213,a1620
al5214,a3025
al5214,a266
al5215,a3026
al5216,a1172
al5217,a98
al5218,a211
al5219,a2655
al5220,a60
al5221,a684
al5222,a3027
al5223,a471
al5224,a1919
al5225,a1240
al5226,a482
al5228,a2889
al5229,a3029
al5229,a3030
al5230,a2428
al5231,a2441
al5231,a3031
al5232,a95
al5234,a1896
al5235,a294
al5236,a3033
al5237,a306
al5238,a110
al5239,a1551
al5240,a180
al5241,a3034
al5242,a2018
al5243,a211
al5244,a1243
al5245,a609
al5245,a3035
al5246,a139
al5247,a307
al5249,a405
al5250,a444
al5251,a626
al5252,a517
al5253,a1062
al5254,a1801
al5255,a1945
al5256,a3037
al5257,a3038
al5258,a35
al5259,a3039
al5260,a3040
al5263,a1112
al5264,a199
al5264,a200
al5265,a3041
al5266,a3042
al5267,a299
al5268,a2183
al5269,a24
al5270,a310
al5271,a3043
al5272,a1288
al5273,a296
al5274,a3044
al5275,a503
al5276,a3045
al5277,a3046
al5278,a938
al5279,a1579
al5280,a1178
al5281,a2006
al5282,a1977
al5283,a3047
al5284,a3048
al5284,a1564
al5285,a2104
al5286,a3049
al5287,a337
al5288,a220
al5289,a999
al5290,a895
al5291,a3051
al5292,a856
al5294,a3052
al5295,a487
al5296,a738
al5297,a2077
al5298,a968
al5299,a402
al5300,a1813
al5302,a3054
al5303,a3055
al5304,a1576
al5305,a482
al5306,a264
al5307,a1542
al5308,a109
al5309,a3056
al5310,a149
al5311,a1322
al5311,a250
al5312,a662
al5313,a2246
al5314,a1094
al5315,a916
al5316,a2970
al5316,a2971
al5317,a371
al5318,a682
al5319,a3057
al5320,a3058
al5321,a130
al5322,a1936
al5323,a700
al5324,a3059
al5325,a3060
al5326,a2090
al5327,a1940
al5328,a129
al5329,a3062
al5330,a161
al5331,a3063
al5332,a1125
al5333,a68
al5334,a3066
al5335,a1776
al5335,a593
al5335,a1218
al5336,a3067
al5337,a778
al5338,a2084
al5339,a2044
al5340,a439
al5341,a3068
al5342,a2499
al5343,a1757
al5344,a1319
al5345,a87
al5346,a3069
al5347,a206
al5348,a244
al5349,a1585
al5350,a139
al5351,a2258
al5352,a3070
al5353,a3071
al5354,a3072
al5355,a3033
al5356,a3073
al5357,a1049
al5358,a3074
al5359,a9
al5361,a2162
al5362,a590
al5363,a1832
al5364,a1008
al5365,a3077
al5366,a402
al5367,a620
al5368,a3079
al5369,a3080
al5370,a147
al5370,a620
al5371,a957
al5372,a3081
al5373,a693
al5374,a1035
al5375,a3082
al5376,a145
al5377,a3083
al5378,a1364
al5379,a979
al5380,a380
al5381,a3084
al5382,a2983
al5383,a1685
al5384,a1788
al5385,a1638
al5386,a150
al5387,a3086
al5388,a3087
al5389,a3088
al5390,a925
al5391,a201
al5391,a3089
al5391,a3090
al5392,a285
al5393,a1161
al5394,a276
al5395,a3091
al5396,a886
al5397,a833
al5398,a1478
al5398,a1700
al5399,a703
al5400,a130
al5402,a1487
al5403,a3093
al5404,a777
al5405,a482
al5405,a3096
al5406,a3097
al5407,a467
al5408,a778
al5409,a999
al5410,a380
al5411,a3098
al5412,a2211
al5413,a1082
al5414,a802
al5415,a588
al5417,a2382
al5418,a247
al5419,a751
al5420,a2148
al5421,a3099
al5422,a1996
al5423,a140
al5423,a3100
al5424,a1009
al5425,a2217
al5426,a816
al5427,a611
al5428,a436
al5430,a912
al5431,a1930
al5432,a3105
al5433,a383
al5434,a513
al5435,a1693
al5436,a727
al5437,a3108
al5439,a3109
al5440,a2085
al5441,a270
al5442,a3110
al5443,a1777
al5444,a1331
al5445,a1378
al5446,a1674
al5447,a3111
al5448,a588
al5449,a169
al5449,a620
al5450,a699
al5451,a3112
al5452,a913
al5453,a1776
al5453,a1477
al5454,a2698
al5455,a3113
al5456,a3115
al5457,a340
al5458,a657
al5459,a1218
al5460,a884
al5461,a3116
al5462,a926
al5463,a725
al5464,a636
al5465,a1028
al5466,a145
al5467,a1580
al5468,a355
al5469,a3117
al5470,a2851
al5471,a588
al5472,a3015
al5473,a725
al5474,a1341
al5475,a1384
al5476,a1515
al5477,a938
al5478,a3118
al5479,a3119
al5480,a3121
al5481,a61
al5482,a694
al5483,a183
al5484,a3122
al5485,a298
al5486,a913
al5487,a894
al5488,a3123
al5489,a286
al5489,a287
al5490,a2441
al5491,a3008
al5492,a817
al5493,a2046
al5494,a73
al5495,a2563
al5496,a856
al5497,a60
al5498,a1185
al5499,a675
al5500,a2863
al5501,a1127
al5502,a689
al5503,a3128
al5504,a2470
al5505,a41
al5506,a1761
al5507,a38
al5508,a3133
al5509,a647
al5510,a3134
al5511,a2669
al5512,a494
al5513,a3135
al5514,a657
al5515,a996
al5516,a211
al5517,a129
al5518,a2092
al5519,a1614
al5520,a3136
al5521,a1174
al5522,a380
al5523,a1610
al5524,a355
al5525,a294
al5526,a3137
al5527,a916
al5528,a3138
al5529,a1002
al5529,a2583
al5530,a2586
al5531,a306
al5533,a3141
al5534,a1117
al5535,a889
al5536,a40
al5537,a22
al5538,a3143
al5539,a250
al5540,a1003
al5541,a2983
al5543,a1422
al5543,a3144
al5544,a3145
al5545,a3146
al5546,a42
al5547,a1100
al5548,a963
al5549,a517
al5550,a85
al5551,a126
al5552,a62
al5553,a2684
al5554,a3148
al5555,a3149
al5556,a755
al5557,a3150
al5558,a956
al5560,a648
al5561,a539
al5562,a278
al5563,a149
al5564,a1018
al5565,a3151
al5566,a1223
al5567,a2441
al5569,a3153
al5570,a299
al5571,a3154
al5572,a3155
al5572,a3156
al5573,a98
al5574,a3157
al5575,a1544
al5577,a3158
al5578,a555
al5579,a122
al5580,a3159
al5581,a69
al5582,a926
al5583,a3161
al5584,a3162
al5585,a2970
al5585,a2971
al5586,a732
al5587,a2138
al5589,a2742
al5590,a66
al5590,a703
al5591,a2335
al5592,a3165
al5593,a356
al5594,a482
al5596,a816
al5597,a1502
al5598,a3167
al5598,a2929
al5598,a3168
al5599,a1462
al5600,a26
al5600,a2068
al5601,a1549
al5602,a2407
al5603,a261
al5604,a416
al5605,a2138
al5607,a259
al5608,a1487
al5609,a169
al5610,a9
al5611,a1381
al5612,a1005
al5612,a520
al5612,a303
al5613,a1767
al5614,a2672
al5615,a35
al5616,a3169
al5617,a1227
al5618,a3170
al5619,a164
al5620,a27
al5621,a139
al5622,a1952
al5623,a3171
al5624,a928
al5625,a1487
al5626,a1024
al5627,a664
al5628,a3173
al5629,a1082
al5630,a3174
al5631,a3175
al5632,a310
al5632,a1564
al5633,a1924
al5635,a2585
al5636,a2983
al5637,a3177
al5638,a3178
al5639,a1840
al5640,a439
al5641,a1238
al5642,a340
al5644,a2126
al5645,a1453
al5646,a700
al5647,a3182
al5648,a3183
al5649,a1002
al5650,a533
al5651,a2184
al5652,a3184
al5653,a3185
al5654,a1004
al5655,a240
al5656,a3186
al5657,a3187
al5658,a3188
al5659,a2734
al5660,a3189
al5661,a199
al5662,a132
al5663,a3190
al5664,a3191
al5665,a180
al5666,a2131
al5667,a3192
al5668,a53
al5669,a1618
al5669,a1619
al5670,a680
al5671,a134
al5672,a1907
al5673,a1300
al5674,a3193
al5674,a638
al5674,a2765
al5675,a1256
al5676,a3195
al5677,a211
al5678,a3196
al5679,a703
al5680,a1452
al5681,a3197
al5682,a2819
al5683,a588
al5684,a814
al5685,a2407
al5686,a3198
al5687,a2121
al5689,a9
al5689,a67
al5690,a1010
al5691,a247
al5692,a2442
al5693,a3200
al5694,a419
al5695,a1297
al5696,a400
al5697,a3201
al5698,a697
al5699,a60
al5700,a3123
al5701,a430
al5702,a3205
al5703,a383
al5704,a40
al5705,a1009
al5706,a2291
al5707,a2581
al5708,a3206
al5709,a3207
al5710,a2003
al5711,a2756
al5712,a2086
al5713,a580
al5714,a811
al5715,a3208
al5716,a3209
al5717,a815
al5718,a414
al5719,a3210
al5720,a3211
al5721,a417
al5722,a2331
al5723,a934
al5724,a3212
al5725,a1693
al5726,a3213
al5727,a3214
al5729,a161
al5730,a3216
al5732,a986
al5733,a344
al5734,a3218
al5735,a537
al5737,a811
al5738,a595
al5739,a1096
al5740,a698
al5741,a3220
al5742,a657
al5743,a3221
al5744,a778
al5745,a2402
al5747,a1872
al5748,a3224
al5749,a318
al5750,a3225
al5751,a469
al5752,a259
al5753,a3226
al5754,a694
al5755,a353
al5756,a139
al5757,a2472
al5758,a645
al5758,a3227
al5759,a41
al5760,a549
al5761,a115
al5762,a1821
al5763,a1059
al5764,a3229
al5765,a992
al5766,a548
al5767,a3230
al5769,a153
al5770,a647
al5771,a3231
al5772,a3232
al5773,a684
al5775,a35
al5777,a1462
al5778,a1383
al5779,a3234
al5780,a3008
al5781,a204
al5782,a3235
al5783,a719
al5785,a1220
al5786,a2320
al5787,a1020
al5788,a1332
al5789,a1163
al5790,a794
al5790,a795
al5791,a3238
al5792,a3239
al5793,a1981
al5794,a9
al5795,a282
al5796,a3240
al5797,a534
al5798,a3241
al5799,a1571
al5800,a230
al5801,a580
al5802,a471
al5803,a3242
al5804,a3018
al5805,a367
al5806,a1423
al5807,a3243
al5808,a1061
al5809,a351
al5810,a1945
al5811,a220
al5812,a3246
al5813,a3247
al5814,a1235
al5815,a3248
al5816,a3249
al5817,a1568
al5818,a3250
al5819,a197
al5820,a261
al5821,a2223
al5822,a1725
al5823,a587
al5824,a3252
al5826,a139
al5828,a2543
al5829,a934
al5830,a529
al5831,a1230
al5832,a3052
al5833,a3113
al5834,a3253
al5835,a1934
al5836,a211
al5837,a101
al5837,a482
al5837,a3254
al5838,a1071
al5839,a1312
al5839,a237
al5840,a2138
al5841,a1313
al5841,a3255
al5842,a74
al5843,a3256
al5844,a572
al5845,a1144
al5846,a3257
al5847,a3258
al5848,a3259
al5849,a89
al5850,a531
al5851,a158
al5852,a781
al5853,a28
al5854,a3261
al5855,a35
al5856,a44
al5857,a63
al5858,a3262
al5859,a129
al5860,a282
al5861,a2564
al5861,a2565
al5862,a232
al5863,a1938
al5864,a15
al5865,a1064
al5866,a3266
al5867,a1778
al5867,a1779
al5868,a1043
al5869,a16
al5870,a1003
al5871,a2444
al5872,a421
al5873,a1002
al5874,a414
al5875,a3269
al5876,a3270
al5877,a2326
al5877,a353
al5877,a232
al5878,a2095
al5881,a761
al5883,a645
al5885,a3276
al5887,a3279
al5887,a3280
al5888,a1536
al5889,a3281
al5890,a3282
al5891,a2617
al5892,a407
al5893,a648
al5894,a3283
al5895,a177
al5896,a3284
al5897,a3285
al5898,a298
al5899,a2069
al5900,a3288
al5901,a303
al5902,a432
al5903,a625
al5904,a1833
al5904,a3289
al5905,a3290
al5906,a1335
al5907,a3291
al5908,a1692
al5909,a104
al5910,a1370
al5911,a1365
al5912,a2149
al5913,a3292
al5914,a995
al5915,a1172
al5916,a771
al5917,a201
al5917,a169
al5918,a129
al5918,a276
al5919,a648
al5920,a583
al5921,a1204
al5922,a620
al5923,a3293
al5924,a2320
al5925,a3294
al5927,a2126
al5928,a678
al5929,a690
al5930,a2465
al5931,a1242
al5931,a2745
al5932,a421
al5933,a645
al5933,a2434
al5934,a893
al5935,a3299
al5936,a894
al5937,a247
al5938,a3300
al5939,a581
al5940,a2896
al5941,a3301
al5942,a3302
al5943,a2980
al5944,a3303
al5945,a3304
al5945,a3305
al5946,a244
al5947,a276
al5948,a43
al5949,a1502
al5950,a132
al5951,a927
al5952,a3306
al5953,a3307
al5954,a885
al5955,a3309
al5956,a559
al5957,a695
al5959,a2060
al5960,a606
al5961,a70
al5962,a318
al5963,a2484
al5964,a1245
al5965,a122
al5967,a807
al5968,a3312
al5969,a1744
al5970,a3313
al5971,a638
al5972,a2711
al5972,a610
al5973,a3003
al5974,a152
al5975,a3315
al5976,a3316
al5976,a3317
al5977,a2381
al5978,a1394
al5979,a1462
al5981,a480
al5982,a535
al5983,a276
al5984,a1883
al5985,a3319
al5986,a418
al5987,a3320
al5988,a494
al5989,a884
al5990,a3321
al5991,a3322
al5992,a3323
al5993,a250
al5994,a191
al5995,a675
al5996,a863
al5996,a3324
al5997,a3325
al5998,a2103
al5999,a3326
al6000,a3327
al6001,a2106
al6002,a3328
al6003,a666
al6004,a1311
al6005,a2442
al6006,a1169
al6007,a610
al6008,a40
al6009,a563
al6010,a1609
al6011,a85
al6012,a221
al6013,a165
al6014,a3330
al6015,a620
al6015,a2040
al6016,a2126
al6016,a2650
al6017,a566
al6018,a543
al6019,a706
al6020,a130
al6021,a1279
al6022,a581
al6023,a152
al6024,a3331
al6025,a858
al6026,a3234
al6027,a3332
al6028,a3333
al6029,a2667
al6030,a40
al6031,a666
al6032,a340
al6033,a3334
al6034,a2487
al6035,a38
al6036,a3335
al6038,a208
al6039,a147
al6040,a3336
al6041,a3337
al6041,a520
al6041,a3338
al6042,a620
al6043,a1059
al6044,a2340
al6045,a129
al6046,a608
al6047,a69
al6048,a482
al6049,a3189
al6050,a1240
al6051,a3340
al6052,a3341
al6053,a1105
al6054,a848
al6055,a3342
al6056,a3343
al6057,a3344
al6059,a3345
al6060,a3346
al6061,a1492
al6061,a620
al6062,a1386
al6063,a1239
al6064,a1205
al6065,a3347
al6066,a2052
al6067,a1594
al6068,a1564
al6069,a1905
al6070,a3348
al6071,a338
al6072,a3345
al6073,a938
al6074,a542
al6075,a3349
al6076,a247
al6078,a3016
al6079,a720
al6080,a1217
al6081,a400
al6082,a3352
al6083,a1345
al6084,a2050
al6085,a238
al6086,a3353
al6087,a3354
al6088,a3355
al6090,a3356
al6091,a837
al6091,a629
al6092,a1807
al6095,a1071
al6096,a3358
al6097,a3359
al6098,a1425
al6099,a2156
al6100,a514
al6101,a3360
al6102,a1801
al6103,a139
al6104,a1009
al6105,a3362
al6106,a1229
al6107,a22
al6108,a496
al6109,a3363
al6110,a995
al6110,a2650
al6111,a3365
al6112,a667
al6113,a351
al6114,a1235
al6115,a104
al6116,a1190
al6117,a10
al6117,a153
al6118,a183
al6119,a199
al6120,a3366
al6121,a1685
al6122,a2028
al6123,a657
al6124,a2149
al6125,a1455
al6126,a2734
al6127,a3367
al6128,a3368
al6128,a165
al6129,a2320
al6130,a2116
al6131,a214
al6132,a2098
al6133,a1066
al6134,a2486
al6135,a679
al6136,a1668
al6137,a1594
al6138,a53
al6139,a1832
al6140,a2869
al6141,a830
al6142,a2385
al6143,a1040
al6144,a1575
al6145,a24
al6146,a36
al6147,a786
al6148,a1924
al6149,a700
al6150,a16
al6151,a85
al6152,a3371
al6153,a3373
al6154,a2138
al6155,a473
al6156,a1291
al6157,a3374
al6158,a1410
al6159,a3375
al6160,a3376
al6161,a2479
al6162,a311
al6163,a1436
al6164,a3377
al6165,a939
al6167,a2400
al6168,a1394
al6169,a3379
al6169,a1908
al6170,a342
al6171,a3380
al6172,a288
al6173,a1218
al6174,a1766
al6175,a619
al6176,a380
al6177,a421
al6178,a402
al6179,a3381
al6180,a3383
al6181,a3384
al6182,a109
al6183,a1447
al6184,a1378
al6185,a1423
al6186,a2841
al6187,a1238
al6188,a3385
al6189,a3386
al6190,a753
al6191,a3387
al6192,a2294
al6192,a3388
al6193,a1614
al6194,a3389
al6195,a1436
al6196,a850
al6197,a1832
al6198,a3392
al6199,a2724
al6200,a16
al6201,a3393
al6202,a1252
al6203,a2320
al6204,a1059
al6205,a3396
al6206,a1297
al6207,a852
al6208,a2326
al6208,a66
al6208,a22
al6209,a1561
al6210,a2963
al6211,a1023
al6212,a1321
al6213,a1407
al6214,a3397
al6214,a3398
al6214,a3399
al6215,a517
al6216,a3400
al6217,a1117
al6218,a356
al6219,a3401
al6220,a823
al6221,a3402
al6222,a511
al6223,a16
al6224,a1218
al6224,a199
al6225,a3403
al6226,a792
al6227,a3404
al6228,a1283
al6228,a1284
al6229,a823
al6230,a1205
al6231,a3406
al6232,a3407
al6234,a1052
al6235,a2832
al6236,a73
al6237,a3411
al6238,a250
al6239,a70
al6240,a463
al6240,a454
al6241,a467
al6242,a573
al6243,a3413
al6243,a3414
al6244,a3046
al6245,a2723
al6246,a1294
al6248,a3417
al6249,a3418
al6250,a831
al6251,a2634
al6252,a3419
al6253,a145
al6254,a81
al6255,a1491
al6256,a251
al6256,a482
al6257,a482
al6257,a703
al6258,a284
al6259,a81
al6259,a60
al6260,a410
al6261,a2222
al6262,a1173
al6263,a3420
al6264,a1691
al6265,a303
al6266,a3422
al6267,a1410
al6268,a1015
al6269,a2620
al6270,a3423
al6271,a831
al6272,a3425
al6273,a3426
al6274,a979
al6275,a1610
al6277,a298
al6278,a333
al6279,a3429
al6280,a1134
al6281,a648
al6282,a3430
al6283,a2470
al6284,a732
al6285,a3269
al6286,a3431
al6287,a343
al6288,a625
al6289,a3432
al6290,a1059
al6291,a3433
al6292,a3434
al6293,a1006
al6293,a3436
al6294,a1369
al6295,a1059
al6296,a636
al6297,a852
al6298,a42
al6299,a2518
al6300,a3095
al6301,a3239
al6302,a152
al6303,a2621
al6304,a1962
al6305,a1113
al6306,a1007
al6307,a349
al6308,a1071
al6309,a3438
al6310,a3439
al6311,a3440
al6312,a270
al6313,a3441
al6315,a2252
al6315,a1913
al6316,a801
al6317,a1816
al6318,a10
al6319,a1381
al6320,a276
al6321,a2116
al6322,a1233
al6324,a333
al6325,a637
al6326,a3442
al6327,a3443
al6328,a3444
al6329,a431
al6330,a855
al6331,a2903
al6332,a3445
al6333,a3335
al6334,a3446
al6335,a3447
al6336,a1262
al6337,a340
al6338,a2721
al6339,a2028
al6340,a37
al6341,a1945
al6342,a39
al6343,a1049
al6344,a1044
al6345,a3450
al6346,a2516
al6346,a653
al6346,a2040
al6347,a226
al6348,a3451
al6349,a85
al6351,a2092
al6352,a2281
al6353,a2819
al6353,a1682
al6353,a2820
al6354,a2092
al6355,a1442
al6356,a3453
al6357,a204
al6358,a3454
al6359,a3455
al6360,a3456
al6361,a885
al6363,a750
al6364,a1531
al6365,a1160
al6366,a2772
al6367,a922
al6368,a2984
al6369,a19
al6370,a1097
al6371,a1487
al6372,a3458
al6373,a1641
al6374,a543
al6375,a176
al6376,a564
al6377,a412
al6378,a3459
al6379,a1288
al6380,a3460
al6381,a3461
al6381,a3462
al6382,a3466
al6383,a3467
al6384,a273
al6384,a2104
al6385,a303
al6386,a2030
al6387,a587
al6388,a794
al6389,a3469
al6390,a3470
al6391,a478
al6392,a2771
al6393,a3471
al6394,a1160
al6395,a402
al6396,a709
al6397,a1899
al6398,a388
al6399,a881
al6400,a2208
al6401,a3472
al6402,a3473
al6403,a620
al6404,a181
al6405,a303
al6405,a198
al6406,a3474
al6407,a404
al6407,a3035
al6408,a478
al6408,a303
al6408,a584
al6409,a216
al6410,a1481
al6411,a1462
al6412,a3475
al6413,a1576
al6414,a3476
al6415,a208
al6416,a3478
al6417,a3479
al6418,a1452
al6419,a654
al6420,a588
al6421,a3480
al6422,a2726
al6423,a88
al6424,a3481
al6424,a3482
al6425,a1160
al6426,a1331
al6427,a2466
al6428,a844
al6429,a165
al6430,a1060
al6431,a1074
al6432,a3483
al6433,a259
al6434,a1229
al6434,a1275
al6435,a2465
al6436,a402
al6437,a85
al6438,a3484
al6439,a3485
al6440,a3486
al6441,a3167
al6441,a2929
al6441,a3168
al6442,a3487
al6442,a1817
al6443,a2030
al6444,a916
al6445,a1093
al6446,a816
al6447,a1611
al6448,a565
al6449,a3488
al6450,a3489
al6451,a337
al6452,a1762
al6453,a239
al6454,a2050
al6455,a3490
al6456,a320
al6457,a2841
al6458,a3492
al6459,a2667
al6460,a566
al6461,a687
al6462,a3493
al6463,a3228
al6464,a139
al6465,a1594
al6466,a171
al6467,a1004
al6468,a84
al6469,a2151
al6470,a2811
al6471,a379
al6472,a119
al6473,a276
al6473,a3496
al6474,a66
al6474,a198
al6475,a3497
al6476,a3498
al6477,a884
al6478,a2963
al6479,a528
al6480,a1043
al6481,a547
al6482,a1238
al6483,a43
al6484,a3499
al6485,a2300
al6486,a3500
al6487,a204
al6488,a61
al6489,a44
al6490,a1259
al6491,a3502
al6494,a2440
al6495,a3503
al6496,a3504
al6497,a797
al6498,a1859
al6498,a425
al6499,a3505
al6500,a261
al6501,a757
al6502,a232
al6502,a2983
al6503,a3506
al6504,a1981
al6506,a3252
al6507,a420
al6508,a3084
al6509,a3038
al6510,a63
al6511,a1044
al6512,a3510
al6513,a511
al6514,a3511
al6515,a82
al6516,a3512
al6517,a35
al6518,a1156
al6519,a3513
al6520,a2198
al6521,a211
al6522,a111
al6523,a1465
al6524,a132
al6525,a3514
al6526,a2880
al6527,a169
al6528,a3515
al6529,a1840
al6530,a1042
al6531,a814
al6532,a1338
al6533,a416
al6534,a1405
al6535,a1422
al6536,a2632
al6537,a129
al6538,a1042
al6539,a2765
al6540,a1487
al6541,a1405
al6542,a3517
al6543,a3518
al6544,a42
al6545,a3476
al6546,a231
al6547,a3519
al6548,a153
al6549,a1423
al6550,a1160
al6551,a3520
al6551,a3521
al6552,a3522
al6553,a1991
al6554,a1724
al6555,a276
al6556,a60
al6556,a695
al6557,a2042
al6558,a3523
al6559,a3524
al6560,a337
al6561,a351
al6562,a3198
al6563,a1182
al6564,a3171
al6565,a3528
al6566,a3348
al6567,a1990
al6568,a727
al6569,a803
al6570,a3257
al6571,a1587
al6571,a232
al6572,a1262
al6573,a2805
al6574,a3529
al6575,a284
al6576,a1710
al6576,a3530
al6577,a261
al6578,a2116
al6579,a1141
al6580,a2447
al6581,a3531
al6582,a3236
al6583,a799
al6584,a503
al6585,a1373
al6586,a371
al6587,a2659
al6588,a2726
al6589,a3533
al6590,a644
al6591,a3537
al6592,a831
al6592,a859
al6593,a267
al6594,a138
al6595,a3538
al6596,a1958
al6597,a2058
al6598,a986
al6599,a610
al6600,a885
al6601,a3539
al6602,a906
al6603,a3540
al6604,a3541
al6605,a9
al6606,a694
al6607,a335
al6608,a1688
al6609,a3543
al6610,a3545
al6611,a1087
al6612,a140
al6613,a893
al6614,a2036
al6616,a2083
al6616,a1130
al6617,a3546
al6618,a1262
al6619,a1204
al6620,a855
al6621,a85
al6622,a1096
al6623,a1879
al6624,a160
al6625,a351
al6625,a551
al6626,a204
al6627,a853
al6628,a3548
al6629,a1579
al6630,a340
al6631,a194
al6632,a303
al6633,a3549
al6634,a3550
al6635,a145
al6636,a657
al6637,a3551
al6638,a3552
al6639,a3553
al6640,a3554
al6641,a926
al6642,a3456
al6643,a2163
al6644,a3555
al6645,a487
al6646,a799
al6647,a3556
al6648,a74
al6649,a3141
al6650,a3557
al6652,a3002
al6653,a2426
al6654,a3558
al6655,a3559
al6656,a2937
al6657,a934
al6658,a1066
al6659,a797
al6660,a502
al6661,a999
al6662,a666
al6663,a1610
al6664,a3560
al6665,a3425
al6666,a855
al6666,a592
al6667,a1364
al6668,a637
al6669,a3561
al6670,a273
al6671,a855
al6672,a155
al6673,a3563
al6674,a132
al6675,a316
al6675,a2478
al6676,a238
al6677,a3564
al6678,a3565
al6679,a145
al6680,a73
al6681,a1976
al6682,a2855
al6683,a3566
al6684,a3567
al6685,a3568
al6687,a885
al6688,a2246
al6689,a201
al6690,a1958
al6691,a566
al6692,a1277
al6693,a648
al6694,a3569
al6695,a2948
al6696,a2138
al6697,a236
al6698,a902
al6699,a9
al6700,a88
al6701,a1613
al6702,a3571
al6703,a98
al6704,a74
al6705,a3572
al6705,a3573
al6706,a3574
al6707,a3575
al6708,a948
al6708,a59
al6709,a2356
al6709,a794
al6710,a414
al6711,a3543
al6712,a33
al6713,a592
al6714,a59
al6715,a590
al6716,a3578
al6717,a3579
al6718,a2601
al6719,a647
al6720,a693
al6721,a3580
al6722,a1082
al6724,a232
al6725,a2164
al6726,a1634
al6728,a589
al6729,a3582
al6730,a183
al6731,a523
al6732,a3583
al6733,a3243
al6734,a3585
al6735,a1327
al6736,a110
al6737,a1331
al6738,a296
al6739,a3586
al6740,a2138
al6741,a3021
al6742,a2407
al6743,a991
al6744,a3588
al6745,a3589
al6746,a3590
al6747,a3591
al6748,a1320
al6749,a3592
al6750,a2132
al6751,a3593
al6752,a75
al6753,a1642
al6754,a3594
al6755,a3595
al6756,a666
al6757,a641
al6758,a3596
al6759,a1914
al6760,a884
al6761,a3598
al6762,a3345
al6763,a3599
al6764,a1156
al6765,a216
al6766,a1055
al6767,a506
al6768,a202
al6769,a1833
al6769,a1978
al6770,a3600
al6771,a3216
al6773,a2138
al6774,a992
al6775,a2852
al6775,a1175
al6775,a3601
al6776,a865
al6777,a3110
al6778,a3602
al6779,a3603
al6780,a44
al6781,a1059
al6782,a1095
al6783,a2851
al6784,a3275
al6785,a848
al6786,a3605
al6787,a204
al6788,a2441
al6789,a2871
al6790,a232
al6790,a2983
al6791,a909
al6792,a89
al6793,a90
al6794,a2379
al6795,a2069
al6796,a542
al6797,a3608
al6798,a25
al6799,a335
al6801,a380
al6802,a249
al6804,a1247
al6805,a3560
al6806,a1196
al6807,a66
al6807,a2395
al6808,a91
al6809,a438
al6810,a1096
al6811,a3611
al6812,a3612
al6813,a3613
al6814,a84
al6815,a3366
al6816,a1816
al6817,a957
al6818,a1655
al6819,a336
al6820,a3614
al6821,a3385
al6822,a2959
al6823,a461
al6824,a2466
al6825,a625
al6826,a3615
al6827,a1906
al6828,a1556
al6829,a3008
al6830,a1828
al6832,a3618
al6832,a1691
al6833,a3619
al6834,a269
al6834,a44
al6834,a606
al6835,a2380
al6836,a3620
al6837,a9
al6838,a2415
al6839,a201
al6840,a1224
al6841,a202
al6842,a3331
al6843,a986
al6844,a1272
al6845,a236
al6846,a2073
al6848,a353
al6849,a1893
al6849,a3623
al6850,a1098
al6851,a1154
al6852,a511
al6853,a3624
al6854,a950
al6855,a81
al6855,a2325
al6856,a3625
al6857,a136
al6858,a284
al6859,a1436
al6860,a1519
al6861,a2865
al6862,a3483
al6863,a494
al6864,a2655
al6865,a542
al6866,a185
al6867,a1961
al6868,a1446
al6868,a368
al6869,a3626
al6870,a3627
al6871,a40
al6872,a791
al6873,a9
al6873,a303
al6873,a67
al6874,a693
al6874,a1477
al6875,a1030
al6876,a2040
al6877,a126
al6878,a410
al6879,a1066
al6880,a3095
al6881,a1531
al6882,a189
al6883,a800
al6884,a2542
al6885,a1011
al6886,a705
al6887,a2098
al6887,a2291
al6888,a2890
al6889,a2012
al6890,a211
al6891,a3628
al6892,a1043
al6894,a273
al6894,a991
al6895,a1549
al6896,a3380
al6898,a3630
al6899,a1134
al6900,a99
al6902,a517
al6903,a3189
al6904,a155
al6905,a850
al6906,a1832
al6907,a532
al6908,a370
al6909,a3388
al6909,a1499
al6910,a3631
al6911,a3632
al6912,a383
al6913,a1529
al6914,a3150
al6915,a78
al6916,a884
al6918,a1832
al6919,a211
al6920,a169
al6920,a273
al6921,a3633
al6922,a3634
al6923,a1084
al6924,a3635
al6925,a104
al6926,a993
al6927,a1515
al6928,a116
al6928,a540
al6929,a140
al6929,a551
al6930,a2613
al6931,a2063
al6932,a377
al6933,a84
al6933,a3637
al6935,a374
al6936,a3638
al6937,a3639
al6938,a2064
al6938,a3640
al6939,a3641
al6940,a467
al6941,a3642
al6942,a669
al6943,a3643
al6944,a147
al6944,a140
al6945,a59
al6946,a3644
al6947,a2637
al6948,a3646
al6949,a3647
al6950,a85
al6950,a1332
al6951,a3648
al6952,a3650
al6952,a3651
al6953,a933
al6954,a3652
al6955,a1121
al6956,a3653
al6957,a966
al6958,a3654
al6959,a3655
al6960,a1238
al6961,a1035
al6962,a2102
al6963,a1443
al6963,a101
al6964,a3657
al6965,a60
al6965,a129
al6965,a1859
al6966,a3047
al6966,a620
al6967,a3658
al6968,a618
al6968,a619
al6969,a6
al6970,a134
al6971,a3661
al6972,a3662
al6973,a423
al6974,a956
al6975,a310
al6976,a3663
al6977,a1404
al6978,a15
al6979,a2426
al6980,a89
al6981,a298
al6983,a74
al6984,a896
al6985,a3665
al6986,a3667
al6986,a3668
al6987,a3669
al6988,a620
al6988,a671
al6989,a733
al6990,a627
al6991,a40
al6992,a494
al6993,a2207
al6995,a693
al6996,a198
al6996,a755
al6997,a3670
al6998,a1331
al6999,a70
al7000,a899
al7001,a3671
al7002,a879
al7002,a401
al7003,a292
al7004,a2969
al7005,a2209
al7006,a3457
al7007,a647
al7008,a625
al7009,a3672
al7010,a3483
al7011,a302
al7011,a991
al7012,a126
al7014,a3365
al7015,a539
al7016,a1425
al7017,a3674
al7018,a3675
al7019,a3676
al7019,a3677
al7020,a2334
al7021,a3678
al7022,a1574
al7023,a3679
al7024,a240
al7025,a3680
al7026,a2386
al7027,a555
al7028,a3681
al7029,a3682
al7031,a1171
al7032,a181
al7033,a53
al7034,a3685
al7035,a2270
al7036,a1384
al7037,a3521
al7038,a278
al7039,a2060
al7040,a1314
al7041,a636
al7042,a1680
al7043,a1160
al7044,a1652
al7045,a2954
al7046,a170
al7047,a3686
al7048,a3687
al7049,a855
al7049,a592
al7050,a3325
al7051,a755
al7052,a654
al7053,a1739
al7054,a1982
al7055,a606
al7056,a303
al7056,a606
al7057,a59
al7058,a599
al7059,a1280
al7060,a198
al7061,a3081
al7062,a833
al7063,a3689
al7064,a1084
al7065,a132
al7066,a2501
al7067,a1218
al7068,a70
al7069,a2371
al7070,a3690
al7071,a198
al7072,a1006
al7073,a1277
al7074,a3691
al7075,a169
al7077,a2607
al7078,a44
al7079,a855
al7080,a767
al7082,a2684
al7083,a1202
al7084,a3693
al7085,a1832
al7086,a139
al7087,a1985
al7088,a3694
al7089,a816
al7090,a1141
al7091,a2407
al7092,a363
al7094,a10
al7095,a198
al7096,a1101
al7097,a1052
al7098,a934
al7099,a1161
al7100,a542
al7101,a117
al7102,a3697
al7103,a147
al7104,a676
al7105,a2028
al7107,a363
al7108,a338
al7109,a2177
al7110,a2393
al7111,a79
al7112,a3062
al7113,a2098
al7113,a165
al7114,a3699
al7115,a467
al7116,a3700
al7117,a467
al7118,a285
al7119,a2502
al7120,a3702
al7121,a3680
al7121,a165
al7122,a987
al7123,a3703
al7123,a2379
al7123,a1175
al7125,a152
al7126,a2238
al7127,a1529
al7128,a3704
al7128,a3705
al7129,a1324
al7130,a511
al7131,a107
al7132,a411
al7133,a237
al7134,a3706
al7135,a118
al7136,a3707
al7137,a3243
al7138,a267
al7139,a590
al7140,a1081
al7141,a1311
al7142,a511
al7143,a2723
al7144,a3708
al7145,a3709
al7146,a81
al7147,a410
al7148,a807
al7149,a3609
al7150,a2594
al7151,a2033
al7152,a2432
al7153,a610
al7154,a199
al7155,a1563
al7156,a2755
al7157,a88
al7158,a1594
al7159,a1778
al7159,a1779
al7160,a1007
al7161,a3710
al7162,a211
al7163,a1217
al7164,a2707
al7164,a109
al7165,a3711
al7166,a298
al7167,a3712
al7168,a760
al7169,a3713
al7170,a471
al7171,a3715
al7172,a432
al7174,a734
al7175,a494
al7176,a424
al7177,a3717
al7178,a3718
al7179,a1516
al7180,a1162
al7181,a2721
al7182,a3720
al7183,a1177
al7184,a609
al7185,a33
al7186,a2
al7187,a648
al7188,a3721
al7189,a3722
al7189,a3723
al7190,a2893
al7191,a384
al7192,a609
al7193,a3678
al7194,a69
al7195,a922
al7196,a202
al7197,a3724
al7198,a1064
al7199,a3725
al7200,a633
al7201,a1544
al7202,a1218
al7204,a1490
al7205,a977
al7206,a3729
al7207,a2721
al7208,a3730
al7209,a3731
al7210,a2428
al7211,a316
al7211,a165
al7212,a627
al7213,a780
al7213,a129
al7214,a247
al7215,a755
al7216,a41
al7217,a2970
al7217,a2971
al7218,a467
al7219,a1095
al7220,a201
al7221,a3733
al7222,a3734
al7223,a790
al7223,a743
al7224,a3721
al7225,a3735
al7226,a3565
al7227,a1288
al7228,a2723
al7229,a1587
al7229,a3736
al7230,a3737
al7231,a73
al7232,a139
al7233,a1096
al7234,a677
al7235,a3738
al7236,a1575
al7237,a697
al7238,a3739
al7239,a1131
al7240,a2288
al7241,a1900
al7242,a3741
al7243,a938
al7244,a2889
al7245,a3742
al7246,a2046
al7247,a750
al7248,a1117
al7249,a33
al7250,a2543
al7251,a1094
al7252,a622
al7253,a2293
al7254,a3743
al7255,a645
al7256,a3744
al7257,a2770
al7258,a1246
al7259,a2794
al7260,a3745
al7260,a1039
al7261,a241
al7262,a3746
al7263,a2105
al7264,a461
al7265,a1484
al7266,a608
al7266,a520
al7267,a1436
al7268,a1404
al7269,a3747
al7270,a690
al7271,a1355
al7272,a2532
al7273,a415
al7274,a153
al7275,a1044
al7276,a53
al7277,a3748
al7278,a87
al7279,a3749
al7280,a94
al7281,a3750
al7282,a1363
al7283,a189
al7284,a912
al7285,a3441
al7286,a128
al7287,a3752
al7288,a389
al7289,a44
al7290,a3753
al7291,a3736
al7292,a991
al7293,a2253
al7294,a203
al7295,a3755
al7296,a3756
al7297,a453
al7298,a230
al7299,a713
al7300,a13
al7301,a794
al7302,a22
al7303,a316
al7304,a3313
al7306,a785
al7307,a2517
al7308,a2085
al7310,a1217
al7311,a3354
al7312,a808
al7313,a2545
al7314,a530
al7315,a3759
al7316,a219
al7317,a3760
al7318,a3761
al7319,a2557
al7320,a3763
al7321,a1698
al7321,a3764
al7322,a595
al7323,a1816
al7324,a981
al7325,a1036
al7326,a3765
al7327,a3530
al7328,a1084
al7328,a609
al7329,a2689
al7329,a2690
al7330,a1590
al7331,a672
al7332,a818
al7334,a1052
al7335,a64
al7336,a1400
al7337,a620
al7338,a1561
al7339,a2909
al7341,a2156
al7342,a3768
al7343,a356
al7344,a3769
al7345,a3770
al7347,a3771
al7348,a328
al7349,a3772
al7350,a251
al7350,a59
al7352,a491
al7353,a685
al7354,a2440
al7355,a278
al7356,a414
al7357,a594
al7358,a85
al7359,a3774
al7360,a3775
al7361,a2373
al7362,a2998
al7363,a830
al7365,a35
al7366,a2896
al7367,a1141
al7368,a1611
al7370,a587
al7371,a3777
al7372,a3778
al7373,a1945
al7374,a216
al7375,a3779
al7376,a3038
al7377,a3780
al7378,a713
al7379,a3781
al7380,a931
al7381,a648
al7382,a147
al7383,a296
al7384,a344
al7385,a3008
al7386,a496
al7387,a439
al7388,a960
al7389,a1696
al7390,a3783
al7391,a234
al7392,a1310
al7393,a2201
al7394,a815
al7395,a3784
al7396,a3785
al7397,a3786
al7398,a109
al7399,a3787
al7400,a2480
al7401,a2146
al7402,a3788
al7403,a700
al7404,a2095
al7405,a2440
al7406,a1187
al7407,a2466
al7408,a3789
al7409,a3417
al7410,a482
al7411,a2616
al7412,a3791
al7412,a794
al7413,a1975
al7414,a2465
al7415,a3792
al7415,a2339
al7416,a1484
al7416,a1601
al7417,a2208
al7418,a1542
al7419,a3794
al7420,a517
al7421,a1878
al7422,a68
al7423,a398
al7424,a3795
al7425,a3796
al7426,a132
al7427,a3797
al7428,a3798
al7428,a2621
al7429,a3799
al7431,a3801
al7432,a3802
al7433,a1288
al7434,a3803
al7435,a1501
al7436,a3804
al7436,a3556
al7437,a3805
al7438,a1653
al7439,a2800
al7440,a176
al7441,a1655
al7442,a1568
al7443,a3377
al7444,a913
al7445,a66
al7445,a351
al7446,a2953
al7447,a718
al7448,a1279
al7449,a991
al7450,a1084
al7451,a725
al7452,a3808
al7453,a214
al7453,a1172
al7454,a3348
al7456,a1544
al7457,a580
al7458,a948
al7458,a3810
al7459,a864
al7460,a9
al7461,a2669
al7462,a812
al7463,a925
al7464,a3812
al7465,a3813
al7466,a790
al7467,a2800
al7469,a3815
al7470,a2253
al7471,a1363
al7471,a3816
al7472,a2607
al7473,a3817
